0.0,3.20172770996e-07,0.000149937891187,0.0,0.0,0.0,0.0,0.0,0.0,0.0,0.0,0.0,0.0,0.0215264187867,0.0215264187867,0.0,0.0,0.0,0.0,1.0,0.0,0.0,0.149019607843,0.505882352941,1.0,0.0,0.03,0.04,0.0,0.0,0.0,0.0,1
0.0,3.69208240428e-07,0.00024692229687,0.0,0.0,0.0,0.0,0.0,0.0,0.0,0.0,0.0,0.0,0.0332681017613,0.0332681017613,0.0,0.0,0.0,0.0,1.0,0.0,0.0,0.290196078431,0.819607843137,1.0,0.0,0.01,0.03,0.0,0.0,0.0,0.0,1
0.0,3.4757494509e-07,5.0237922144e-05,0.0,0.0,0.0,0.0,0.0,0.0,0.0,0.0,0.0,0.0,0.0234833659491,0.0234833659491,0.0,0.0,0.0,0.0,1.0,0.0,0.0,0.36862745098,0.898039215686,1.0,0.0,0.01,0.03,0.0,0.0,0.0,0.0,1
0.0,3.1296167255e-07,0.00357562106874,0.0,0.0,0.0,0.0,0.0,0.0,0.0,0.0,0.0,0.0,0.00391389432485,0.00391389432485,0.0,0.0,0.0,0.0,1.0,0.0,0.0,0.160784313725,1.0,1.0,0.0,0.02,0.05,0.0,0.0,0.0,0.0,1
0.0,2.91328377213e-07,8.22427760196e-05,0.0,0.0,0.0,0.0,0.0,0.0,0.0,0.0,0.0,0.0,0.00587084148728,0.00587084148728,0.0,0.0,0.0,0.0,1.0,0.0,0.0,0.0862745098039,1.0,1.0,0.0,0.05,0.05,0.0,0.0,0.0,0.0,1
0.0,3.38921626955e-07,0.00128543131293,0.0,0.0,0.0,0.0,0.0,0.0,0.0,0.0,0.0,0.0,0.00195694716243,0.00195694716243,0.0,0.0,0.0,0.0,1.0,0.0,0.0,0.125490196078,1.0,1.0,0.0,0.03,0.05,0.0,0.0,0.0,0.0,1
0.0,4.64394739913e-07,8.22427760196e-05,0.0,0.0,0.0,0.0,0.0,0.0,0.0,0.0,0.0,0.0,0.00391389432485,0.00391389432485,0.0,0.0,0.0,0.0,1.0,0.0,0.0,0.243137254902,1.0,1.0,0.0,0.02,0.05,0.0,0.0,0.0,0.0,1
0.0,5.33621284994e-07,0.000100863781911,0.0,0.0,0.0,0.0,0.0,0.0,0.0,0.0,0.0,0.0,0.00587084148728,0.00587084148728,0.0,0.0,0.0,0.0,1.0,0.0,0.0,0.282352941176,1.0,1.0,0.0,0.01,0.04,0.0,0.0,0.0,0.0,1
0.0,2.48061786538e-07,0.00114131248608,0.0,0.0,0.0,0.0,0.0,0.0,0.0,0.0,0.0,0.0,0.0117416829746,0.0117416829746,0.0,0.0,0.0,0.0,1.0,0.0,0.0,0.0392156862745,1.0,1.0,0.0,0.1,0.05,0.0,0.0,0.0,0.0,1
0.0,3.80745997941e-07,0.00312735914567,0.0,0.0,0.0,0.0,0.0,0.0,0.0,0.0,0.0,0.0,0.00391389432485,0.0254403131115,0.0,0.0,0.0,0.0,1.0,0.0,0.23,0.078431372549,1.0,1.0,0.0,0.05,0.05,0.0,0.0,0.0,0.0,1
0.0,4.32665906751e-07,0.0082915847795,0.0,0.0,0.0,0.0,0.0,0.0,0.0,0.0,0.0,0.0,0.00782778864971,0.00978473581213,0.0,0.0,0.0,0.0,1.0,0.0,0.4,0.0705882352941,1.0,1.0,0.0,0.06,0.06,0.0,0.0,0.0,0.0,1
0.0,3.34594967888e-07,0.00170033060044,0.0,0.0,0.0,0.0,0.0,0.0,0.0,0.0,0.0,0.0,0.0195694716243,0.0195694716243,0.0,0.0,0.0,0.0,1.0,0.0,0.0,0.121568627451,1.0,1.0,0.0,0.03,0.04,0.0,0.0,0.0,0.0,1
0.0,3.40363846645e-07,9.07774037197e-05,0.0,0.0,0.0,0.0,0.0,0.0,0.0,0.0,0.0,0.0,0.0313111545988,0.0332681017613,0.0,0.0,0.0,0.0,1.0,0.0,0.12,0.2,1.0,1.0,0.0,0.02,0.04,0.0,0.0,0.0,0.0,1
0.0,3.31710528509e-07,0.000410825942475,0.0,0.0,0.0,0.0,0.0,0.0,0.0,0.0,0.0,0.0,0.0371819960861,0.0391389432485,0.0,0.0,0.0,0.0,1.0,0.0,0.1,0.435294117647,1.0,1.0,0.0,0.02,0.04,0.0,0.0,0.0,0.0,1
0.0,3.44690505712e-07,5.89665186555e-05,0.0,0.0,0.0,0.0,0.0,0.0,0.0,0.0,0.0,0.0,0.0195694716243,0.0391389432485,0.0,0.0,0.0,0.0,1.0,0.0,0.2,0.474509803922,1.0,1.0,0.0,0.01,0.04,0.0,0.0,0.0,0.0,1
0.0,3.3026830882e-07,5.89665186555e-05,0.0,0.0,0.0,0.0,0.0,0.0,0.0,0.0,0.0,0.0,0.013698630137,0.013698630137,0.0,0.0,0.0,0.0,1.0,0.0,0.0,0.592156862745,1.0,1.0,0.0,0.01,0.03,0.0,0.0,0.0,0.0,1
0.0,2.36524029024e-07,0.000865100898696,0.0,0.0,0.0,0.0,0.0,0.0,0.0,0.0,0.0,0.0,0.0332681017613,0.0352250489237,0.0,0.0,0.0,0.0,1.0,0.0,0.11,0.63137254902,1.0,1.0,0.0,0.01,0.02,0.0,0.0,0.0,0.0,1
0.0,3.4901716478e-07,0.000410825942475,0.0,0.0,0.0,0.0,0.0,0.0,0.0,0.0,0.0,0.0,0.0528375733855,0.0547945205479,0.0,0.0,0.0,0.0,1.0,0.0,0.07,0.670588235294,1.0,1.0,0.0,0.01,0.02,0.0,0.0,0.0,0.0,1
0.0,2.69695081875e-07,0.000865100898696,0.0,0.0,0.0,0.0,0.0,0.0,0.0,0.0,0.0,0.0,0.00195694716243,0.00195694716243,0.0,0.0,0.0,0.0,1.0,0.0,0.0,1.0,1.0,1.0,0.0,0.0,0.0,0.0,0.0,0.0,0.0,1
0.0,2.89886157524e-07,0.000663567303686,0.0,0.0,0.0,0.0,0.0,0.0,0.0,0.0,0.0,0.0,0.0215264187867,0.0215264187867,0.0,0.0,0.0,0.0,1.0,0.0,0.0,1.0,1.0,1.0,0.0,0.0,0.0,0.0,0.0,0.0,0.0,1
0.0,4.86028035251e-07,6.40097077511e-05,0.0,0.0,0.0,0.0,0.0,0.0,0.0,0.0,0.0,0.0,0.0234833659491,0.0234833659491,0.0,0.0,0.0,0.0,1.0,0.0,0.0,0.0470588235294,1.0,1.0,0.0,0.08,0.01,0.0,0.0,0.0,0.0,1
0.0,2.48061786538e-07,0.000101639657156,0.0,0.0,0.0,0.0,0.0,0.0,0.0,0.0,0.0,0.0,0.00391389432485,0.0665362035225,0.0,0.0,0.0,0.0,1.0,0.0,0.06,0.0392156862745,1.0,1.0,0.0,0.1,0.03,0.0,0.0,0.0,0.0,1
0.0,2.24986271511e-07,0.000781112403374,0.0,0.0,0.0,0.0,0.0,0.0,0.0,0.0,0.0,0.0,0.00587084148728,0.0332681017613,0.0,0.0,0.0,0.0,1.0,0.0,0.12,0.207843137255,1.0,1.0,0.0,0.02,0.05,0.0,0.0,0.0,0.0,1
0.0,2.03352976173e-07,0.000781112403374,0.0,0.0,0.0,0.0,0.0,0.0,0.0,0.0,0.0,0.0,0.00195694716243,0.00195694716243,0.0,0.0,0.0,0.0,1.0,0.0,0.0,0.364705882353,1.0,1.0,0.0,0.01,0.04,0.0,0.0,0.0,0.0,1
0.0,3.07192793794e-07,5.06258597668e-05,0.0,0.0,0.0,0.0,0.0,0.0,0.0,0.0,0.0,0.0,0.00195694716243,0.00195694716243,0.0,0.0,0.0,0.0,1.0,0.0,0.0,0.403921568627,1.0,1.0,0.0,0.01,0.04,0.0,0.0,0.0,0.0,1
0.0,4.09590391725e-07,0.00836568086544,0.0,0.0,0.0,0.0,0.0,0.0,0.0,0.0,0.0,0.0,0.00782778864971,0.00782778864971,0.0,0.0,0.0,0.0,1.0,0.0,0.0,0.443137254902,1.0,1.0,0.0,0.01,0.04,0.0,0.0,0.0,0.0,1
0.0,2.63926203118e-07,0.00167860609357,0.0,0.0,0.0,0.0,0.0,0.0,0.0,0.0,0.0,0.0,0.00782778864971,0.00782778864971,0.25,0.25,0.0,0.0,1.0,0.0,0.0,0.482352941176,1.0,1.0,0.0,0.01,0.04,0.01,0.0,0.0,0.0,1
0.0,2.75463960632e-07,0.000722921759964,0.0,0.0,0.0,0.0,0.0,0.0,0.0,0.0,0.0,0.0,0.00195694716243,0.00195694716243,0.0,0.0,0.0,0.0,1.0,0.0,0.0,0.521568627451,1.0,1.0,0.0,0.01,0.03,0.01,0.0,0.0,0.0,1
0.0,2.63926203118e-07,0.00167860609357,0.0,0.0,0.0,0.0,0.0,0.0,0.0,0.0,0.0,0.0,0.00782778864971,0.00782778864971,0.0,0.0,0.0,0.0,1.0,0.0,0.0,0.560784313725,1.0,1.0,0.0,0.01,0.03,0.01,0.0,0.0,0.0,1
0.0,4.15359270481e-07,0.00021433553656,0.0,0.0,0.0,0.0,0.0,0.0,0.0,0.0,0.0,0.0,0.00195694716243,0.00195694716243,0.0,0.0,0.0,0.0,1.0,0.0,0.0,0.0509803921569,1.0,1.0,0.0,0.08,0.02,0.0,0.0,0.0,0.0,1
0.0,4.88912474629e-07,0.00198818031651,0.0,0.0,0.0,0.0,0.0,0.0,0.0,0.0,0.0,0.0,0.0450097847358,0.0450097847358,0.0,0.0,0.0,0.0,1.0,0.0,0.0,0.0901960784314,1.0,1.0,0.0,0.04,0.02,0.0,0.0,0.0,0.0,1
0.0,2.85559498456e-07,0.000403649096454,0.0,0.0,0.0,0.0,0.0,0.0,0.0,0.0,0.0,0.0,0.013698630137,0.013698630137,0.0,0.0,0.0,0.0,1.0,0.0,0.0,0.176470588235,1.0,1.0,0.0,0.02,0.04,0.0,0.0,0.0,0.0,1
0.0,4.11032611414e-07,0.00494989009727,0.0,0.0,0.0,0.0,0.0,0.0,0.0,0.0,0.0,0.0,0.00782778864971,0.00782778864971,0.0,0.0,0.0,0.0,1.0,0.0,0.0,0.0156862745098,1.0,1.0,0.0,0.25,0.04,0.0,0.01,0.0,0.0,1
0.0,2.33639589646e-07,0.000630980543376,0.0,0.0,0.0,0.0,0.0,0.0,0.0,0.0,0.0,0.0,0.00195694716243,0.00195694716243,0.0,0.0,0.0,0.0,1.0,0.0,0.0,0.133333333333,1.0,1.0,0.0,0.03,0.04,0.0,0.01,0.0,0.0,1
0.0,3.36037187577e-07,0.000319078694699,0.0,0.0,0.0,0.0,0.0,0.0,0.0,0.0,0.0,0.0,0.013698630137,0.013698630137,0.0,0.0,0.0,0.0,1.0,0.0,0.0,0.172549019608,1.0,1.0,0.0,0.02,0.04,0.0,0.01,0.0,0.0,1
0.0,3.6488158136e-07,0.000325867603096,0.0,0.0,0.0,0.0,0.0,0.0,0.0,0.0,0.0,0.0,0.00391389432485,0.00978473581213,0.0,0.0,0.0,0.0,1.0,0.0,0.4,0.486274509804,1.0,1.0,0.0,0.01,0.04,0.0,0.0,0.0,0.0,1
0.0,3.3026830882e-07,0.000287849716068,0.0,0.0,0.0,0.0,0.0,0.0,0.0,0.0,0.0,0.0,0.00195694716243,0.00195694716243,0.0,0.0,0.0,0.0,1.0,0.0,0.0,0.564705882353,1.0,1.0,0.0,0.01,0.03,0.0,0.0,0.0,0.0,1
0.0,3.37479407266e-07,0.000332268573871,0.0,0.0,0.0,0.0,0.0,0.0,0.0,0.0,0.0,0.0,0.0215264187867,0.0215264187867,0.0,0.0,0.0,0.0,1.0,0.0,0.0,0.603921568627,1.0,1.0,0.0,0.01,0.03,0.0,0.0,0.0,0.0,1
0.0,3.56228263225e-07,0.000325867603096,0.0,0.0,0.0,0.0,0.0,0.0,0.0,0.0,0.0,0.0,0.00391389432485,0.00391389432485,0.0,0.0,0.0,0.0,1.0,0.0,0.0,0.878431372549,1.0,1.0,0.0,0.0,0.01,0.0,0.0,0.0,0.0,1
0.0,3.33152748199e-07,0.000333238417928,0.0,0.0,0.0,0.0,0.0,0.0,0.0,0.0,0.0,0.0,0.013698630137,0.013698630137,0.0,0.0,0.0,0.0,1.0,0.0,0.0,1.0,1.0,1.0,0.0,0.0,0.0,0.0,0.0,0.0,0.0,1
0.0,4.81701376183e-07,0.000333238417928,0.0,0.0,0.0,0.0,0.0,0.0,0.0,0.0,0.0,0.0,0.00195694716243,0.00195694716243,0.0,0.0,0.0,0.0,1.0,0.0,0.0,1.0,1.0,1.0,0.0,0.0,0.0,0.0,0.0,0.0,0.0,1
0.0,4.83143595873e-07,0.000325867603096,0.0,0.0,0.0,0.0,0.0,0.0,0.0,0.0,0.0,0.0,0.0215264187867,0.0215264187867,0.0,0.0,0.0,0.0,1.0,0.0,0.0,1.0,1.0,1.0,0.0,0.0,0.0,0.0,0.0,0.0,0.0,1
0.0,4.65836959602e-07,0.000325867603096,0.0,0.0,0.0,0.0,0.0,0.0,0.0,0.0,0.0,0.0,0.0176125244618,0.0176125244618,0.0,0.0,0.0,0.0,1.0,0.0,0.0,1.0,1.0,1.0,0.0,0.0,0.0,0.0,0.0,0.0,0.0,1
0.0,3.05750574104e-07,0.00494989009727,0.0,0.0,0.0,0.0,0.0,0.0,0.0,0.0,0.0,0.0,0.00391389432485,0.00391389432485,0.0,0.0,0.0,0.0,1.0,0.0,0.0,1.0,1.0,1.0,0.0,0.0,0.0,0.0,0.0,0.0,0.0,1
0.0,4.21128149238e-07,0.00033343238674,0.0,0.0,0.0,0.0,0.0,0.0,0.0,0.0,0.0,0.0,0.0156555772994,0.0156555772994,0.0,0.0,0.0,0.0,1.0,0.0,0.0,1.0,1.0,1.0,0.0,0.0,0.0,0.0,0.0,0.0,0.0,1
0.0,4.58625861157e-07,0.000325867603096,0.0,0.0,0.0,0.0,0.0,0.0,0.0,0.0,0.0,0.0,0.00978473581213,0.0352250489237,0.0,0.0,0.0,0.0,1.0,0.0,0.11,1.0,1.0,1.0,0.0,0.0,0.0,0.0,0.0,0.0,0.0,1
0.0,3.36037187577e-07,0.00033343238674,0.0,0.0,0.0,0.0,0.0,0.0,0.0,0.0,0.0,0.0,0.0156555772994,0.0156555772994,0.0,0.0,0.0,0.0,1.0,0.0,0.0,1.0,1.0,1.0,0.0,0.0,0.0,0.0,0.0,0.0,0.0,1
0.0,3.14403892239e-07,0.000287849716068,0.0,0.0,0.0,0.0,0.0,0.0,0.0,0.0,0.0,0.0,0.0215264187867,0.0215264187867,0.0,0.0,0.0,0.0,1.0,0.0,0.0,1.0,1.0,1.0,0.0,0.0,0.0,0.0,0.0,0.0,0.0,1
0.0,3.38921626955e-07,0.000333238417928,0.0,0.0,0.0,0.0,0.0,0.0,0.0,0.0,0.0,0.0,0.0156555772994,0.0528375733855,0.0,0.0,0.0,0.0,1.0,0.0,0.07,1.0,1.0,1.0,0.0,0.0,0.0,0.0,0.0,0.0,0.0,1
0.0,3.54786043536e-07,0.000333238417928,0.0,0.0,0.0,0.0,0.0,0.0,0.0,0.0,0.0,0.0,0.0195694716243,0.0234833659491,0.0,0.0,0.0,0.0,1.0,0.0,0.25,1.0,1.0,1.0,0.0,0.0,0.0,0.0,0.0,0.0,0.0,1
0.0,3.14403892239e-07,0.000287849716068,0.0,0.0,0.0,0.0,0.0,0.0,0.0,0.0,0.0,0.0,0.013698630137,0.013698630137,0.0,0.0,0.0,0.0,1.0,0.0,0.0,1.0,1.0,1.0,0.0,0.0,0.0,0.0,0.0,0.0,0.0,1
0.0,3.50459384469e-07,0.00033343238674,0.0,0.0,0.0,0.0,0.0,0.0,0.0,0.0,0.0,0.0,0.0117416829746,0.0469667318982,0.0,0.0,0.0,0.0,1.0,0.0,0.08,1.0,1.0,1.0,0.0,0.0,0.0,0.0,0.0,0.0,0.0,1
0.0,2.12006294308e-07,0.000630980543376,0.0,0.0,0.0,0.0,0.0,0.0,0.0,0.0,0.0,0.0,0.00587084148728,0.00587084148728,0.0,0.0,0.0,0.0,1.0,0.0,0.0,1.0,1.0,1.0,0.0,0.0,0.0,0.0,0.0,0.0,0.0,1
0.0,2.81232839388e-07,0.00476620163291,0.0,0.0,0.0,0.0,0.0,0.0,0.0,0.0,0.0,0.0,0.00391389432485,0.00391389432485,0.0,0.0,0.0,0.0,1.0,0.0,0.0,1.0,1.0,1.0,0.0,0.0,0.0,0.0,0.0,0.0,0.0,1
0.0,1.08310698657e-06,5.41172983714e-05,0.0,0.0,0.0,0.0,0.0,0.0,0.0,0.0,0.0,0.0,0.00195694716243,0.00195694716243,0.0,0.0,0.0,0.0,1.0,0.0,0.0,0.109803921569,0.0745098039216,0.68,0.14,0.04,0.0,0.0,0.0,0.0,0.0,1
0.0,1.80854349022e-06,6.26519260715e-05,0.0,0.0,0.0,0.0,0.0,0.0,0.0,0.0,0.0,0.0,0.00195694716243,0.00195694716243,0.0,0.0,0.0,0.0,1.0,0.0,0.0,0.0196078431373,0.321568627451,0.8,0.4,0.2,0.02,0.0,0.0,0.0,0.0,1
0.0,4.13917050792e-07,0.00249909416565,0.0,0.0,0.0,0.0,0.0,0.0,0.0,0.0,0.0,0.0,0.00978473581213,0.0176125244618,0.0,0.0,0.0,0.0,1.0,0.0,0.33,0.0627450980392,0.129411764706,1.0,0.0,0.06,0.06,0.0,0.0,0.0,0.0,1
0.0,3.23057210374e-07,0.00249909416565,0.0,0.0,0.0,0.0,0.0,0.0,0.0,0.0,0.0,0.0,0.0215264187867,0.0450097847358,0.0,0.0,0.0,0.0,1.0,0.0,0.09,0.141176470588,0.141176470588,1.0,0.0,0.03,0.0,0.0,0.0,0.0,0.0,1
0.0,3.54786043536e-07,0.00230609519834,0.0,0.0,0.0,0.0,0.0,0.0,0.0,0.0,0.0,0.0,0.013698630137,0.013698630137,0.0,0.0,0.0,0.0,1.0,0.0,0.0,0.298039215686,0.298039215686,1.0,0.0,0.01,0.0,0.0,0.0,0.0,0.0,1
0.0,3.11519452861e-07,0.00249909416565,0.0,0.0,0.0,0.0,0.0,0.0,0.0,0.0,0.0,0.0,0.0215264187867,0.0215264187867,0.0,0.0,0.0,0.0,1.0,0.0,0.0,0.376470588235,0.376470588235,1.0,0.0,0.01,0.0,0.0,0.0,0.0,0.0,1
0.0,2.23544051822e-07,0.000804000723116,0.0,0.0,0.0,0.0,0.0,0.0,0.0,0.0,0.0,0.0,0.013698630137,0.0821917808219,0.0,0.0,0.0,0.0,1.0,0.0,0.07,0.494117647059,0.494117647059,1.0,0.0,0.01,0.0,0.0,0.0,0.0,0.0,1
0.0,3.51901604158e-07,0.00230609519834,0.0,0.0,0.0,0.0,0.0,0.0,0.0,0.0,0.0,0.0,0.00978473581213,0.027397260274,0.0,0.0,0.0,0.0,1.0,0.0,0.21,0.572549019608,0.572549019608,1.0,0.0,0.01,0.0,0.0,0.0,0.0,0.0,1
0.0,4.68721398981e-07,0.00249909416565,0.0,0.0,0.0,0.0,0.0,0.0,0.0,0.0,0.0,0.0,0.0176125244618,0.0176125244618,0.0,0.0,0.0,0.0,1.0,0.0,0.0,0.690196078431,0.690196078431,1.0,0.0,0.01,0.0,0.0,0.0,0.0,0.0,1
0.0,3.05750574104e-07,0.00049093506157,0.0,0.0,0.0,0.0,0.0,0.0,0.0,0.0,0.0,0.0,0.0195694716243,0.0195694716243,0.0,0.0,0.0,0.0,1.0,0.0,0.0,0.847058823529,0.847058823529,1.0,0.0,0.0,0.0,0.0,0.0,0.0,0.0,1
0.0,3.05750574104e-07,0.000237999731547,0.0,0.0,0.0,0.0,0.0,0.0,0.0,0.0,0.0,0.0,0.0176125244618,0.0176125244618,0.0,0.0,0.0,0.0,1.0,0.0,0.0,1.0,1.0,1.0,0.0,0.0,0.0,0.0,0.0,0.0,0.0,1
0.0,4.11032611414e-07,0.00049093506157,0.0,0.0,0.0,0.0,0.0,0.0,0.0,0.0,0.0,0.0,0.00587084148728,0.00587084148728,0.0,0.0,0.0,0.0,1.0,0.0,0.0,1.0,1.0,1.0,0.0,0.0,0.0,0.0,0.0,0.0,0.0,1
0.0,4.60068080846e-07,0.00010784665912,0.0,0.0,0.0,0.0,0.0,0.0,0.0,0.0,0.0,0.0,0.013698630137,0.013698630137,0.0,0.0,0.0,0.0,1.0,0.0,0.0,0.0862745098039,1.0,1.0,0.0,0.05,0.02,0.0,0.0,0.0,0.0,1
0.0,4.8747025494e-07,0.000273108086405,0.0,0.0,0.0,0.0,0.0,0.0,0.0,0.0,0.0,0.0,0.0117416829746,0.0117416829746,0.0,0.0,0.0,0.0,1.0,0.0,0.0,0.0862745098039,1.0,1.0,0.0,0.05,0.02,0.0,0.0,0.0,0.0,1
0.0,4.45645883954e-07,0.000276405556198,0.0,0.0,0.0,0.0,0.0,0.0,0.0,0.0,0.0,0.0,0.0215264187867,0.0215264187867,0.0,0.0,0.0,0.0,1.0,0.0,0.0,0.203921568627,1.0,1.0,0.0,0.04,0.02,0.0,0.0,0.0,0.0,1
0.0,4.41319224887e-07,0.000622833853299,0.0,0.0,0.0,0.0,0.0,0.0,0.0,0.0,0.0,0.0,0.013698630137,0.013698630137,0.0,0.0,0.0,0.0,1.0,0.0,0.0,0.243137254902,1.0,1.0,0.0,0.02,0.02,0.0,0.0,0.0,0.0,1
0.0,4.54299202089e-07,0.000723503666398,0.0,0.0,0.0,0.0,0.0,0.0,0.0,0.0,0.0,0.0,0.00978473581213,0.00978473581213,0.0,0.0,0.0,0.0,1.0,0.0,0.0,1.0,1.0,1.0,0.0,0.0,0.0,0.0,0.0,0.0,0.0,1
0.0,4.42761444576e-07,0.00102415532402,0.0,0.0,0.0,0.0,0.0,0.0,0.0,0.0,0.0,0.0,0.0195694716243,0.0195694716243,0.0,0.0,0.0,0.0,1.0,0.0,0.0,1.0,1.0,1.0,0.0,0.0,0.0,0.0,0.0,0.0,0.0,1
0.0,4.3555034613e-07,0.000283388433407,0.0,0.0,0.0,0.0,0.0,0.0,0.0,0.0,0.0,0.0,0.0117416829746,0.0117416829746,0.0,0.0,0.0,0.0,1.0,0.0,0.0,1.0,1.0,1.0,0.0,0.0,0.0,0.0,0.0,0.0,0.0,1
0.0,2.19217392754e-07,0.00158259153194,0.0,0.0,0.0,0.0,0.0,0.0,0.0,0.0,0.0,0.0,0.00391389432485,0.00391389432485,0.0,0.0,0.0,0.0,1.0,0.0,0.0,1.0,1.0,1.0,0.0,0.0,0.0,0.0,0.0,0.0,0.0,1
0.0,2.97097255969e-07,0.00278500419361,0.0,0.0,0.0,0.0,0.0,0.0,0.0,0.0,0.0,0.0,0.0176125244618,0.0176125244618,0.0,0.0,0.0,0.0,1.0,0.0,0.0,0.0352941176471,1.0,1.0,0.0,0.11,0.01,0.0,0.0,0.0,0.0,1
0.0,3.85072657009e-07,0.00124275817443,0.0,0.0,0.0,0.0,0.0,0.0,0.0,0.0,0.0,0.0,0.0195694716243,0.0195694716243,0.0,0.0,0.0,0.0,1.0,0.0,0.0,0.0823529411765,1.0,1.0,0.0,0.05,0.02,0.0,0.0,0.0,0.0,1
0.0,2.98539475659e-07,0.000667834617536,0.0,0.0,0.0,0.0,0.0,0.0,0.0,0.0,0.0,0.0,0.00782778864971,0.00782778864971,0.0,0.0,0.0,0.0,1.0,0.0,0.0,0.0156862745098,1.0,1.0,0.0,0.25,0.02,0.0,0.0,0.0,0.0,1
0.0,4.80259156494e-07,0.000333238417928,0.0,0.0,0.0,0.0,0.0,0.0,0.0,0.0,0.0,0.0,0.00195694716243,0.00195694716243,0.0,0.0,0.0,0.0,1.0,0.0,0.0,0.156862745098,1.0,1.0,0.0,0.03,0.04,0.03,0.0,0.0,0.0,1
0.0,2.55272884983e-07,0.000683740060068,0.0,0.0,0.0,0.0,0.0,0.0,0.0,0.0,0.0,0.0,0.0156555772994,0.0156555772994,0.0,0.0,0.0,0.0,1.0,0.0,0.0,0.196078431373,1.0,1.0,0.0,0.02,0.04,0.02,0.0,0.0,0.0,1
0.0,3.4757494509e-07,0.00153080185931,0.0,0.0,0.0,0.0,0.0,0.0,0.0,0.0,0.0,0.0,0.013698630137,0.013698630137,0.0,0.0,0.0,0.0,1.0,0.0,0.0,0.352941176471,1.0,1.0,0.0,0.01,0.04,0.01,0.0,0.0,0.0,1
0.0,3.05750574104e-07,6.98287720921e-05,0.0,0.0,0.0,0.0,0.0,0.0,0.0,0.0,0.0,0.0,0.0117416829746,0.0117416829746,0.0,0.0,0.0,0.0,1.0,0.0,0.0,0.0235294117647,1.0,1.0,0.0,0.17,0.04,0.0,0.0,0.0,0.0,1
0.0,4.11032611414e-07,0.000214529505372,0.0,0.0,0.0,0.0,0.0,0.0,0.0,0.0,0.0,0.0,0.0156555772994,0.0156555772994,0.0,0.0,0.0,0.0,1.0,0.0,0.0,0.0313725490196,1.0,1.0,0.0,0.12,0.04,0.0,0.0,0.0,0.0,1
0.0,3.36037187577e-07,2.4828007855e-05,0.0,0.0,0.0,0.0,0.0,0.0,0.0,0.0,0.0,0.0,0.00195694716243,0.00978473581213,0.0,0.0,0.0,0.0,1.0,0.0,0.4,0.0235294117647,1.0,1.0,0.0,0.17,0.04,0.0,0.01,0.0,0.0,1
0.0,4.49972543022e-07,0.00264709236872,0.0,0.0,0.0,0.0,0.0,0.0,0.0,0.0,0.0,0.0,0.00391389432485,0.0587084148728,0.0,0.03,0.0,0.0,1.0,0.0,0.07,0.0078431372549,1.0,1.0,0.0,0.5,0.04,0.0,0.01,0.0,0.0,1
0.0,3.56228263225e-07,0.000602273159294,0.0,0.0,0.0,0.0,0.0,0.0,0.0,0.0,0.0,0.0,0.0156555772994,0.0156555772994,0.0,0.0,0.0,0.0,1.0,0.0,0.0,0.203921568627,1.0,1.0,0.0,0.02,0.04,0.0,0.01,0.0,0.0,1
0.0,3.34594967888e-07,0.000408304347927,0.0,0.0,0.0,0.0,0.0,0.0,0.0,0.0,0.0,0.0,0.0195694716243,0.027397260274,0.0,0.0,0.0,0.0,1.0,0.0,0.14,0.596078431373,1.0,1.0,0.0,0.01,0.02,0.0,0.0,0.0,0.0,1
0.0,3.98052634211e-07,0.000320630445189,0.0,0.0,0.0,0.0,0.0,0.0,0.0,0.0,0.0,0.0,0.0176125244618,0.0176125244618,0.0,0.0,0.0,0.0,1.0,0.0,0.0,0.713725490196,1.0,1.0,0.0,0.01,0.02,0.0,0.0,0.0,0.0,1
0.0,4.45645883954e-07,8.088499434e-05,0.0,0.0,0.0,0.0,0.0,0.0,0.0,0.0,0.0,0.0,0.0313111545988,0.0313111545988,0.0,0.0,0.0,0.0,1.0,0.0,0.0,0.0627450980392,1.0,1.0,0.0,0.06,0.02,0.0,0.0,0.0,0.0,1
0.0,3.40363846645e-07,0.000230822885527,0.0,0.0,0.0,0.0,0.0,0.0,0.0,0.0,0.0,0.0,0.0117416829746,0.0313111545988,0.0,0.0,0.0,0.0,1.0,0.0,0.12,0.141176470588,1.0,1.0,0.0,0.03,0.02,0.0,0.0,0.0,0.0,1
0.0,4.57183641467e-07,0.000290177341805,0.0,0.0,0.0,0.0,0.0,0.0,0.0,0.0,0.0,0.0,0.00782778864971,0.00782778864971,0.0,0.0,0.0,0.0,1.0,0.0,0.0,0.0823529411765,1.0,1.0,0.0,0.05,0.02,0.0,0.0,0.0,0.0,1
0.0,4.42761444576e-07,6.65313022988e-05,0.0,0.0,0.0,0.0,0.0,0.0,0.0,0.0,0.0,0.0,0.013698630137,0.013698630137,0.0,0.0,0.0,0.0,1.0,0.0,0.0,0.160784313725,1.0,1.0,0.0,0.02,0.02,0.0,0.0,0.0,0.0,1
0.0,4.39877005197e-07,6.82770216011e-05,0.0,0.0,0.0,0.0,0.0,0.0,0.0,0.0,0.0,0.0,0.0332681017613,0.0332681017613,0.0,0.0,0.0,0.0,1.0,0.0,0.0,0.2,1.0,1.0,0.0,0.02,0.02,0.0,0.0,0.0,0.0,1
0.0,2.50946225916e-07,0.00123073210812,0.0,0.0,0.0,0.0,0.0,0.0,0.0,0.0,0.0,0.0,0.00195694716243,0.00195694716243,0.0,0.0,0.0,0.0,1.0,0.0,0.0,0.0117647058824,1.0,1.0,0.0,0.33,0.02,0.0,0.0,0.0,0.0,1
0.0,4.57183641467e-07,0.000964606898928,0.0,0.0,0.0,0.0,0.0,0.0,0.0,0.0,0.0,0.0,0.00195694716243,0.00195694716243,0.0,0.0,0.0,0.0,1.0,0.0,0.0,0.0745098039216,1.0,1.0,0.0,0.05,0.03,0.0,0.0,0.0,0.0,1
0.0,4.99008012453e-07,0.000246340390436,0.0,0.0,0.0,0.0,0.0,0.0,0.0,0.0,0.0,0.0,0.0528375733855,0.0547945205479,0.0,0.0,0.0,0.0,1.0,0.0,0.07,0.105882352941,1.0,1.0,0.0,0.04,0.04,0.0,0.0,0.0,0.0,1
0.0,4.05263732657e-07,0.000146834390205,0.0,0.0,0.0,0.0,0.0,0.0,0.0,0.0,0.0,0.0,0.00195694716243,0.00391389432485,0.0,0.0,0.0,0.0,1.0,0.0,1.0,0.00392156862745,1.0,1.0,0.0,1.0,0.05,0.0,0.0,0.0,0.0,1
0.0,4.05263732657e-07,0.000146834390205,0.0,0.0,0.0,0.0,0.0,0.0,0.0,0.0,0.0,0.0,0.00391389432485,0.0176125244618,0.0,0.0,0.0,0.0,1.0,0.0,0.22,0.043137254902,1.0,1.0,0.0,0.09,0.05,0.0,0.0,0.0,0.0,1
0.0,4.05263732657e-07,0.000146834390205,0.0,0.0,0.0,0.0,0.0,0.0,0.0,0.0,0.0,0.0,0.00587084148728,0.00782778864971,0.0,0.0,0.0,0.0,1.0,0.0,0.5,0.160784313725,1.0,1.0,0.0,0.02,0.04,0.0,0.0,0.0,0.0,1
0.0,2.76906180321e-07,0.000146446452582,0.0,0.0,0.0,0.0,0.0,0.0,0.0,0.0,0.0,0.0,0.00587084148728,0.013698630137,0.0,0.0,0.0,0.0,1.0,0.0,0.29,0.63137254902,1.0,1.0,0.0,0.01,0.03,0.0,0.0,0.0,0.0,1
0.0,4.05263732657e-07,0.000146446452582,0.0,0.0,0.0,0.0,0.0,0.0,0.0,0.0,0.0,0.0,0.00782778864971,0.0195694716243,0.0,0.0,0.0,0.0,1.0,0.0,0.2,0.670588235294,1.0,1.0,0.0,0.01,0.03,0.0,0.0,0.0,0.0,1
0.0,3.28826089131e-07,6.12941443919e-05,0.0,0.0,0.0,0.0,0.0,0.0,0.0,0.0,0.0,0.0,0.0117416829746,0.0117416829746,0.0,0.0,0.0,0.0,1.0,0.0,0.0,0.337254901961,1.0,1.0,0.0,0.01,0.02,0.0,0.0,0.0,0.0,1
0.0,3.4757494509e-07,0.00018310655793,0.0,0.0,0.0,0.0,0.0,0.0,0.0,0.0,0.0,0.0,0.00587084148728,0.0469667318982,0.0,0.0,0.0,0.0,1.0,0.0,0.21,0.376470588235,1.0,1.0,0.0,0.01,0.02,0.0,0.0,0.0,0.0,1
0.0,3.33152748199e-07,0.00020289137669,0.0,0.0,0.0,0.0,0.0,0.0,0.0,0.0,0.0,0.0,0.0117416829746,0.0215264187867,0.0,0.0,0.0,0.0,1.0,0.0,0.36,0.807843137255,1.0,1.0,0.0,0.0,0.02,0.0,0.0,0.0,0.0,1
0.0,4.39877005197e-07,0.000181166869817,0.0,0.0,0.0,0.0,0.0,0.0,0.0,0.0,0.0,0.0,0.0234833659491,0.0234833659491,0.0,0.0,0.0,0.0,1.0,0.0,0.0,1.0,1.0,1.0,0.0,0.0,0.0,0.0,0.0,0.0,0.0,1
0.0,4.44203664265e-07,0.00018310655793,0.0,0.0,0.0,0.0,0.0,0.0,0.0,0.0,0.0,0.0,0.00978473581213,0.0332681017613,0.0,0.0,0.0,0.0,1.0,0.0,0.18,1.0,1.0,1.0,0.0,0.01,0.0,0.0,0.0,0.0,0.0,1
0.0,2.98539475659e-07,0.000172826210928,0.0,0.0,0.0,0.0,0.0,0.0,0.0,0.0,0.0,0.0,0.0176125244618,0.0254403131115,0.0,0.0,0.0,0.0,1.0,0.0,0.15,1.0,1.0,1.0,0.0,0.0,0.0,0.0,0.0,0.0,0.0,1
0.0,4.03821512968e-07,0.000401709408341,0.0,0.0,0.0,0.0,0.0,0.0,0.0,0.0,0.0,0.0,0.0117416829746,0.013698630137,0.0,0.0,0.0,0.0,1.0,0.0,0.29,1.0,1.0,1.0,0.0,0.0,0.0,0.0,0.0,0.0,0.0,1
0.0,4.80259156494e-07,0.000172826210928,0.0,0.0,0.0,0.0,0.0,0.0,0.0,0.0,0.0,0.0,0.0215264187867,0.0234833659491,0.0,0.0,0.0,0.0,1.0,0.0,0.17,1.0,1.0,1.0,0.0,0.0,0.0,0.0,0.0,0.0,0.0,1
0.0,3.27383869442e-07,0.000450977486428,0.0,0.0,0.0,0.0,0.0,0.0,0.0,0.0,0.0,0.0,0.013698630137,0.0156555772994,0.0,0.0,0.0,0.0,1.0,0.0,0.25,1.0,1.0,1.0,0.0,0.0,0.0,0.0,0.0,0.0,0.0,1
0.0,3.31710528509e-07,0.000175153836664,0.0,0.0,0.0,0.0,0.0,0.0,0.0,0.0,0.0,0.0,0.0176125244618,0.0195694716243,0.0,0.0,0.0,0.0,1.0,0.0,0.2,1.0,1.0,1.0,0.0,0.0,0.0,0.0,0.0,0.0,0.0,1
0.0,4.8747025494e-07,0.00018310655793,0.0,0.0,0.0,0.0,0.0,0.0,0.0,0.0,0.0,0.0,0.00782778864971,0.00978473581213,0.0,0.0,0.0,0.0,1.0,0.0,0.4,1.0,1.0,1.0,0.0,0.0,0.0,0.0,0.0,0.0,0.0,1
0.0,4.94681353386e-07,0.0001518775793,0.0,0.0,0.0,0.0,0.0,0.0,0.0,0.0,0.0,0.0,0.00391389432485,0.0117416829746,0.0,0.0,0.0,0.0,1.0,0.0,0.5,1.0,1.0,1.0,0.0,0.0,0.0,0.0,0.0,0.0,0.0,1
0.0,4.26897027995e-07,0.000181166869817,0.0,0.0,0.0,0.0,0.0,0.0,0.0,0.0,0.0,0.0,0.00978473581213,0.00978473581213,0.0,0.0,0.0,0.0,1.0,0.0,0.0,1.0,1.0,1.0,0.0,0.0,0.0,0.0,0.0,0.0,0.0,1
0.0,3.11519452861e-07,6.12941443919e-05,0.0,0.0,0.0,0.0,0.0,0.0,0.0,0.0,0.0,0.0,0.00587084148728,0.00587084148728,0.0,0.0,0.0,0.0,1.0,0.0,0.0,1.0,1.0,1.0,0.0,0.0,0.0,0.0,0.0,0.0,0.0,1
0.0,4.03821512968e-07,0.000401709408341,0.0,0.0,0.0,0.0,0.0,0.0,0.0,0.0,0.0,0.0,0.0195694716243,0.0254403131115,0.0,0.0,0.0,0.0,1.0,0.0,0.15,1.0,1.0,1.0,0.0,0.0,0.0,0.0,0.0,0.0,0.0,1
0.0,4.24012588616e-07,0.000181166869817,0.0,0.0,0.0,0.0,0.0,0.0,0.0,0.0,0.0,0.0,0.00587084148728,0.00978473581213,0.0,0.0,0.0,0.0,1.0,0.0,0.6,1.0,1.0,1.0,0.0,0.0,0.0,0.0,0.0,0.0,0.0,1
0.0,4.15359270481e-07,0.00183824242532,0.0,0.0,0.0,0.0,0.0,0.0,0.0,0.0,0.0,0.0,0.00587084148728,0.00587084148728,0.0,0.0,0.0,0.0,1.0,0.0,0.0,0.0235294117647,1.0,1.0,0.0,0.17,0.04,0.0,0.0,0.0,0.0,1
0.0,2.81232839388e-07,0.000323152039737,0.0,0.0,0.0,0.0,0.0,0.0,0.0,0.0,0.0,0.0,0.00391389432485,0.00391389432485,0.0,0.0,0.0,0.0,1.0,0.0,0.0,0.0392156862745,1.0,1.0,0.0,0.1,0.04,0.0,0.0,0.0,0.0,1
0.0,4.90354694318e-07,0.00206169449602,0.0,0.0,0.0,0.0,0.0,0.0,0.0,0.0,0.0,0.0,0.00782778864971,0.0117416829746,0.0,0.0,0.0,0.0,1.0,0.0,0.5,0.0156862745098,1.0,1.0,0.0,0.25,0.04,0.0,0.0,0.0,0.0,1
0.0,3.67766020739e-07,5.06258597668e-05,0.0,0.0,0.0,0.0,0.0,0.0,0.0,0.0,0.0,0.0,0.00391389432485,0.00391389432485,0.0,0.0,0.0,0.0,1.0,0.0,0.0,0.470588235294,1.0,1.0,0.0,0.01,0.05,0.0,0.0,0.0,0.0,1
0.0,2.85559498456e-07,0.000215499349429,0.0,0.0,0.0,0.0,0.0,0.0,0.0,0.0,0.0,0.0,0.00195694716243,0.00195694716243,0.0,0.0,0.0,0.0,1.0,0.0,0.0,0.509803921569,1.0,1.0,0.0,0.01,0.05,0.0,0.0,0.0,0.0,1
0.0,3.57670482915e-07,0.000326061571908,0.0,0.0,0.0,0.0,0.0,0.0,0.0,0.0,0.0,0.0,0.0313111545988,0.041095890411,0.0,0.0,0.0,0.0,1.0,0.0,0.1,0.588235294118,1.0,1.0,0.0,0.01,0.05,0.0,0.0,0.0,0.0,1
0.0,2.9565503628e-07,0.000258948363175,0.0,0.0,0.0,0.0,0.0,0.0,0.0,0.0,0.0,0.0,0.013698630137,0.013698630137,0.0,0.0,0.0,0.0,1.0,0.0,0.0,0.666666666667,1.0,1.0,0.0,0.01,0.03,0.0,0.0,0.0,0.0,1
0.0,3.10077233172e-07,0.000402485283586,0.0,0.0,0.0,0.0,0.0,0.0,0.0,0.0,0.0,0.0,0.0332681017613,0.0332681017613,0.0,0.0,0.0,0.0,1.0,0.0,0.0,0.705882352941,1.0,1.0,0.0,0.01,0.03,0.0,0.0,0.0,0.0,1
0.0,4.28339247684e-07,0.000535741856995,0.0,0.0,0.0,0.0,0.0,0.0,0.0,0.0,0.0,0.0,0.0156555772994,0.0156555772994,0.0,0.0,0.0,0.0,1.0,0.0,0.0,0.0313725490196,1.0,1.0,0.0,0.12,0.03,0.0,0.0,0.0,0.0,1
0.0,3.07192793794e-07,0.00241413582627,0.0,0.0,0.0,0.0,0.0,0.0,0.0,0.0,0.0,0.0,0.00195694716243,0.00195694716243,0.0,0.0,0.0,0.0,1.0,0.0,0.0,0.0588235294118,1.0,1.0,0.0,0.07,0.01,0.0,0.0,0.0,0.0,1
0.0,3.14403892239e-07,0.000612941443919,0.0,0.0,0.0,0.0,0.0,0.0,0.0,0.0,0.0,0.0,0.0215264187867,0.0215264187867,0.0,0.0,0.0,0.0,1.0,0.0,0.0,0.137254901961,1.0,1.0,0.0,0.03,0.01,0.0,0.0,0.0,0.0,1
0.0,3.20172770996e-07,6.22639884488e-05,0.0,0.0,0.0,0.0,0.0,0.0,0.0,0.0,0.0,0.0,0.00782778864971,0.00782778864971,0.0,0.0,0.0,0.0,1.0,0.0,0.0,0.164705882353,1.0,1.0,0.0,0.02,0.02,0.0,0.0,0.0,0.0,1
0.0,3.05750574104e-07,5.0237922144e-05,0.0,0.0,0.0,0.0,0.0,0.0,0.0,0.0,0.0,0.0,0.0371819960861,0.0391389432485,0.0,0.0,0.0,0.0,1.0,0.0,0.1,0.360784313725,1.0,1.0,0.0,0.01,0.02,0.0,0.0,0.0,0.0,1
0.0,3.15846111929e-07,0.00089691178376,0.0,0.0,0.0,0.0,0.0,0.0,0.0,0.0,0.0,0.0,0.0724070450098,0.0743639921722,0.0,0.0,0.0,0.0,1.0,0.0,0.05,0.439215686275,1.0,1.0,0.0,0.01,0.02,0.0,0.0,0.0,0.0,1
0.0,3.33152748199e-07,0.000334014293174,0.0,0.0,0.0,0.0,0.0,0.0,0.0,0.0,0.0,0.0,0.0254403131115,0.0254403131115,0.0,0.0,0.0,0.0,1.0,0.0,0.0,0.517647058824,1.0,1.0,0.0,0.01,0.02,0.0,0.0,0.0,0.0,1
0.0,3.27383869442e-07,0.000624191634979,0.0,0.0,0.0,0.0,0.0,0.0,0.0,0.0,0.0,0.0,0.0430528375734,0.0430528375734,0.0,0.0,0.0,0.0,1.0,0.0,0.0,0.556862745098,1.0,1.0,0.0,0.01,0.02,0.0,0.0,0.0,0.0,1
0.0,4.16801490171e-07,0.00122762860714,0.0,0.0,0.0,0.0,0.0,0.0,0.0,0.0,0.0,0.0,0.0469667318982,0.0469667318982,0.0,0.0,0.0,0.0,1.0,0.0,0.0,0.949019607843,1.0,1.0,0.0,0.0,0.01,0.0,0.0,0.0,0.0,1
0.0,4.57183641467e-07,0.000404037034077,0.0,0.0,0.0,0.0,0.0,0.0,0.0,0.0,0.0,0.0,0.013698630137,0.013698630137,0.0,0.0,0.0,0.0,1.0,0.0,0.0,1.0,1.0,1.0,0.0,0.0,0.0,0.0,0.0,0.0,0.0,1
0.0,4.62952520224e-07,0.000235478136999,0.0,0.0,0.0,0.0,0.0,0.0,0.0,0.0,0.0,0.0,0.0332681017613,0.0332681017613,0.0,0.0,0.0,0.0,1.0,0.0,0.0,1.0,1.0,1.0,0.0,0.0,0.0,0.0,0.0,0.0,0.0,1
0.0,3.34594967888e-07,0.000352829267876,0.0,0.0,0.0,0.0,0.0,0.0,0.0,0.0,0.0,0.0,0.0763209393346,0.0763209393346,0.0,0.0,0.0,0.0,1.0,0.0,0.0,1.0,1.0,1.0,0.0,0.0,0.0,0.0,0.0,0.0,0.0,1
0.0,3.10077233172e-07,0.00482206465058,0.0,0.0,0.0,0.0,0.0,0.0,0.0,0.0,0.0,0.0,0.0684931506849,0.0684931506849,0.0,0.0,0.0,0.0,1.0,0.0,0.0,1.0,1.0,1.0,0.0,0.0,0.0,0.0,0.0,0.0,0.0,1
0.0,4.48530323332e-07,0.000331104761003,0.0,0.0,0.0,0.0,0.0,0.0,0.0,0.0,0.0,0.0,0.0254403131115,0.0254403131115,0.0,0.0,0.0,0.0,1.0,0.0,0.0,1.0,1.0,1.0,0.0,0.0,0.0,0.0,0.0,0.0,0.0,1
0.0,4.80259156494e-07,0.000352829267876,0.0,0.0,0.0,0.0,0.0,0.0,0.0,0.0,0.0,0.0,0.0665362035225,0.0665362035225,0.03,0.03,0.0,0.0,1.0,0.0,0.0,1.0,1.0,1.0,0.0,0.0,0.0,0.0,0.0,0.0,0.0,1
0.0,4.09590391725e-07,0.00260112176043,0.0,0.0,0.0,0.0,0.0,0.0,0.0,0.0,0.0,0.0,0.00195694716243,0.00195694716243,0.0,0.0,0.0,0.0,1.0,0.0,0.0,1.0,1.0,1.0,0.0,0.0,0.0,0.01,0.01,0.0,0.0,1
0.0,3.36037187577e-07,0.00039162303015,0.0,0.0,0.0,0.0,0.0,0.0,0.0,0.0,0.0,0.0,0.0547945205479,0.0547945205479,0.0,0.0,0.0,0.0,1.0,0.0,0.0,1.0,1.0,1.0,0.0,0.0,0.0,0.01,0.01,0.0,0.0,1
0.0,4.80259156494e-07,0.00039162303015,0.0,0.0,0.0,0.0,0.0,0.0,0.0,0.0,0.0,0.0,0.0528375733855,0.0528375733855,0.0,0.0,0.0,0.0,1.0,0.0,0.0,1.0,1.0,1.0,0.0,0.0,0.0,0.01,0.01,0.0,0.0,1
0.0,4.73048058048e-07,0.000624191634979,0.0,0.0,0.0,0.0,0.0,0.0,0.0,0.0,0.0,0.0,0.0508806262231,0.0508806262231,0.0,0.0,0.0,0.0,1.0,0.0,0.0,1.0,1.0,1.0,0.0,0.0,0.0,0.01,0.01,0.0,0.0,1
0.0,4.51414762711e-07,0.000179227181703,0.0,0.0,0.0,0.0,0.0,0.0,0.0,0.0,0.0,0.0,0.00391389432485,0.00391389432485,0.0,0.0,0.0,0.0,1.0,0.0,0.0,1.0,1.0,1.0,0.0,0.0,0.0,0.01,0.01,0.0,0.0,1
0.0,3.05750574104e-07,0.000331104761003,0.0,0.0,0.0,0.0,0.0,0.0,0.0,0.0,0.0,0.0,0.0234833659491,0.0587084148728,0.0,0.0,0.0,0.0,1.0,0.0,0.1,1.0,1.0,1.0,0.0,0.0,0.0,0.01,0.01,0.0,0.0,1
0.0,2.88443937834e-07,0.000127631477879,0.0,0.0,0.0,0.0,0.0,0.0,0.0,0.0,0.0,0.0,0.00391389432485,0.00391389432485,0.0,0.0,0.0,0.0,1.0,0.0,0.0,1.0,1.0,1.0,0.0,0.0,0.0,0.0,0.0,0.0,0.0,1
0.0,3.15846111929e-07,0.00218855009865,0.0,0.0,0.0,0.0,0.0,0.0,0.0,0.0,0.0,0.0,0.0430528375734,0.0430528375734,0.0,0.0,0.0,0.0,1.0,0.0,0.0,1.0,1.0,1.0,0.0,0.0,0.0,0.0,0.0,0.0,0.0,1
0.0,2.84117278767e-07,6.22639884488e-05,0.0,0.0,0.0,0.0,0.0,0.0,0.0,0.0,0.0,0.0,0.0528375733855,0.0547945205479,0.0,0.0,0.0,0.0,1.0,0.0,0.07,1.0,1.0,1.0,0.0,0.0,0.0,0.0,0.0,0.0,0.0,1
0.0,3.02866134726e-07,0.00115198077071,0.0,0.0,0.0,0.0,0.0,0.0,0.0,0.0,0.0,0.0,0.0117416829746,0.0117416829746,0.0,0.0,0.0,0.0,1.0,0.0,0.0,1.0,1.0,1.0,0.0,0.0,0.0,0.0,0.0,0.0,0.0,1
0.0,2.36524029024e-07,0.00329029294722,0.0,0.0,0.0,0.0,0.0,0.0,0.0,0.0,0.0,0.0,0.00195694716243,0.00782778864971,0.0,0.0,0.0,0.0,1.0,0.0,0.5,1.0,1.0,1.0,0.0,0.0,0.0,0.0,0.0,0.0,0.0,1
0.0,2.72579521253e-07,0.000189701497517,0.0,0.0,0.0,0.0,0.0,0.0,0.0,0.0,0.0,0.0,0.00978473581213,0.00978473581213,0.0,0.0,0.0,0.0,1.0,0.0,0.0,1.0,1.0,1.0,0.0,0.0,0.0,0.0,0.0,0.0,0.0,1
0.0,3.21614990685e-07,0.000308216441262,0.0,0.0,0.0,0.0,0.0,0.0,0.0,0.0,0.0,0.0,0.00782778864971,0.00782778864971,0.0,0.0,0.0,0.0,1.0,0.0,0.0,1.0,1.0,1.0,0.0,0.0,0.0,0.0,0.0,0.0,0.0,1
0.0,5.11987989656e-07,5.95484250896e-05,0.0,0.0,0.0,0.0,0.0,0.0,0.0,0.0,0.0,0.0,0.0254403131115,0.0332681017613,0.0,0.0,0.0,0.0,1.0,0.0,0.12,1.0,1.0,1.0,0.0,0.0,0.0,0.0,0.0,0.0,0.0,1
0.0,5.16314648723e-07,0.000425567572139,0.0,0.0,0.0,0.0,0.0,0.0,0.0,0.0,0.0,0.0,0.0430528375734,0.0547945205479,0.0,0.0,0.0,0.0,1.0,0.0,0.07,1.0,1.0,1.0,0.0,0.01,0.0,0.0,0.0,0.0,0.0,1
0.0,3.6632380105e-07,0.000435459981519,0.0,0.0,0.0,0.0,0.0,0.0,0.0,0.0,0.0,0.0,0.0234833659491,0.0313111545988,0.0,0.0,0.0,0.0,1.0,0.0,0.12,1.0,1.0,1.0,0.0,0.0,0.0,0.0,0.0,0.0,0.0,1
0.0,3.53343823847e-07,0.00226167634054,0.0,0.0,0.0,0.0,0.0,0.0,0.0,0.0,0.0,0.0,0.0430528375734,0.0547945205479,0.0,0.0,0.0,0.0,1.0,0.0,0.07,1.0,1.0,1.0,0.0,0.0,0.0,0.0,0.0,0.0,0.0,1
0.0,3.6632380105e-07,0.000435459981519,0.0,0.0,0.0,0.0,0.0,0.0,0.0,0.0,0.0,0.0,0.0215264187867,0.0293542074364,0.0,0.0,0.0,0.0,1.0,0.0,0.13,1.0,1.0,1.0,0.0,0.0,0.0,0.0,0.0,0.0,0.0,1
0.0,2.99981695348e-07,0.000148774078318,0.0,0.0,0.0,0.0,0.0,0.0,0.0,0.0,0.0,0.0,0.0117416829746,0.0117416829746,0.17,0.17,0.0,0.0,1.0,0.0,0.0,1.0,1.0,1.0,0.0,0.0,0.0,0.0,0.0,0.0,0.0,1
0.0,3.4901716478e-07,0.000274659836896,0.0,0.0,0.0,0.0,0.0,0.0,0.0,0.0,0.0,0.0,0.013698630137,0.013698630137,0.0,0.0,0.0,0.0,1.0,0.0,0.0,1.0,1.0,1.0,0.0,0.0,0.0,0.0,0.0,0.0,0.0,1
0.0,3.11519452861e-07,0.000352829267876,0.0,0.0,0.0,0.0,0.0,0.0,0.0,0.0,0.0,0.0,0.0469667318982,0.0469667318982,0.0,0.0,0.0,0.0,1.0,0.0,0.0,1.0,1.0,1.0,0.0,0.0,0.0,0.0,0.0,0.0,0.0,1
0.0,2.10564074619e-07,0.00584098281669,0.0,0.0,0.0,0.0,0.0,0.0,0.0,0.0,0.0,0.0,0.00195694716243,0.00587084148728,0.0,0.0,0.0,0.0,1.0,0.0,1.0,1.0,1.0,1.0,0.0,0.0,0.0,0.0,0.0,0.0,0.0,1
0.0,2.82675059078e-07,0.00341423901768,0.0,0.0,0.0,0.0,0.0,0.0,0.0,0.0,0.0,0.0,0.0215264187867,0.0254403131115,0.0,0.0,0.0,0.0,1.0,0.0,0.23,1.0,1.0,1.0,0.0,0.0,0.0,0.0,0.0,0.0,0.0,1
0.0,2.87001718145e-07,0.000126855602634,0.0,0.0,0.0,0.0,0.0,0.0,0.0,0.0,0.0,0.0,0.041095890411,0.0450097847358,0.0,0.0,0.0,0.0,1.0,0.0,0.13,1.0,1.0,1.0,0.0,0.0,0.0,0.0,0.0,0.0,0.0,1
0.0,3.25941649753e-07,0.00188207937669,0.0,0.0,0.0,0.0,0.0,0.0,0.0,0.0,0.0,0.0,0.0567514677104,0.0567514677104,0.0,0.0,0.0,0.0,1.0,0.0,0.0,1.0,1.0,1.0,0.0,0.0,0.0,0.0,0.0,0.0,0.0,1
0.0,4.48530323332e-07,6.53674894306e-05,0.0,0.0,0.0,0.0,0.0,0.0,0.0,0.0,0.0,0.0,0.0176125244618,0.0176125244618,0.0,0.0,0.0,0.0,1.0,0.0,0.0,1.0,1.0,1.0,0.0,0.0,0.0,0.0,0.0,0.0,0.0,1
0.0,4.528569824e-07,0.000581130558855,0.0,0.0,0.0,0.0,0.0,0.0,0.0,0.0,0.0,0.0,0.027397260274,0.027397260274,0.0,0.0,0.0,0.0,1.0,0.0,0.0,1.0,1.0,1.0,0.0,0.0,0.0,0.0,0.0,0.0,0.0,1
0.0,3.11519452861e-07,0.000334790168419,0.0,0.0,0.0,0.0,0.0,0.0,0.0,0.0,0.0,0.0,0.0215264187867,0.0450097847358,0.0,0.0,0.0,0.0,1.0,0.0,0.09,1.0,1.0,1.0,0.0,0.0,0.0,0.0,0.0,0.0,0.0,1
0.0,4.34108126441e-07,0.000200757719765,0.0,0.0,0.0,0.0,0.0,0.0,0.0,0.0,0.0,0.0,0.0802348336595,0.0802348336595,0.0,0.0,0.0,0.0,1.0,0.0,0.0,1.0,1.0,1.0,0.0,0.0,0.0,0.0,0.0,0.0,0.0,1
0.0,2.87001718145e-07,0.000126855602634,0.0,0.0,0.0,0.0,0.0,0.0,0.0,0.0,0.0,0.0,0.0430528375734,0.0430528375734,0.0,0.0,0.0,0.0,1.0,0.0,0.0,1.0,1.0,1.0,0.0,0.0,0.0,0.0,0.0,0.0,0.0,1
0.0,2.4373512747e-07,3.4914386046e-05,0.0,0.0,0.0,0.0,0.0,0.0,0.0,0.0,0.0,0.0,0.00195694716243,0.00195694716243,0.0,0.0,0.0,0.0,1.0,0.0,0.0,1.0,1.0,1.0,0.0,0.0,0.0,0.0,0.0,0.0,0.0,1
0.0,2.89886157524e-07,0.00122762860714,0.0,0.0,0.0,0.0,0.0,0.0,0.0,0.0,0.0,0.0,0.0176125244618,0.0176125244618,0.0,0.0,0.0,0.0,1.0,0.0,0.0,1.0,1.0,1.0,0.0,0.0,0.0,0.0,0.0,0.0,0.0,1
0.0,2.87001718145e-07,0.00108137612337,0.0,0.0,0.0,0.0,0.0,0.0,0.0,0.0,0.0,0.0,0.0684931506849,0.0684931506849,0.0,0.0,0.0,0.0,1.0,0.0,0.0,1.0,1.0,1.0,0.0,0.0,0.0,0.0,0.0,0.0,0.0,1
0.0,2.42292907781e-07,0.00260112176043,0.0,0.0,0.0,0.0,0.0,0.0,0.0,0.0,0.0,0.0,0.00195694716243,0.00195694716243,0.0,0.0,0.0,0.0,1.0,0.0,0.0,1.0,1.0,1.0,0.0,0.0,0.0,0.0,0.0,0.0,0.0,1
0.0,4.22570368927e-07,0.000815250914175,0.0,0.0,0.0,0.0,0.0,0.0,0.0,0.0,0.0,0.0,0.00391389432485,0.00391389432485,0.0,0.0,0.0,0.0,1.0,0.0,0.0,0.0156862745098,1.0,1.0,0.0,0.25,0.02,0.0,0.0,0.0,0.0,1
0.0,4.26897027995e-07,0.00133896670487,0.0,0.0,0.0,0.0,0.0,0.0,0.0,0.0,0.0,0.0,0.00195694716243,0.00391389432485,0.0,0.0,0.0,0.0,1.0,0.0,1.0,0.0078431372549,1.0,1.0,0.0,0.5,0.03,0.0,0.0,0.0,0.0,1
1.71441307069e-05,2.30178262392e-06,6.38157389397e-05,0.0,0.0,0.0,0.0,0.0,0.0,0.0,0.0,0.0,0.0,0.00195694716243,0.00587084148728,0.0,0.0,0.0,0.0,1.0,0.0,1.0,0.0078431372549,0.0078431372549,1.0,0.0,0.5,0.0,0.0,0.0,0.0,0.0,1
0.0,8.65331813503e-09,2.67676959686e-05,0.0,0.0,0.0,0.0,0.0,0.0,0.0,0.0,0.0,0.0,0.00195694716243,0.00195694716243,0.0,0.0,0.0,0.0,1.0,0.0,0.0,0.0862745098039,0.0117647058824,0.14,0.09,0.05,0.0,0.0,0.0,0.0,0.0,1
0.0,1.28357552336e-07,0.0,0.0,0.0,0.0,0.0,0.0,0.0,0.0,0.0,0.0,0.0,0.00195694716243,0.00391389432485,0.0,0.0,0.0,0.0,1.0,0.0,1.0,0.298039215686,0.298039215686,1.0,0.0,1.0,0.0,0.0,0.0,0.0,0.0,1
6.85765228274e-05,1.28357552336e-07,7.95272126604e-06,0.0,0.0,0.0,0.0,0.0,0.0,0.0,0.0,0.0,0.0,0.00195694716243,0.00195694716243,0.0,0.0,0.0,0.0,1.0,0.0,0.0,0.376470588235,0.372549019608,0.99,0.02,0.99,0.0,0.0,0.0,0.0,0.0,1
0.0,2.23688273791e-06,6.43976453738e-05,0.0,0.0,0.0,0.0,0.0,0.0,0.0,0.0,0.0,0.0,0.00195694716243,0.00587084148728,0.0,0.0,0.0,0.0,1.0,0.0,1.0,0.043137254902,0.250980392157,1.0,0.0,0.09,0.05,0.0,0.0,0.0,0.0,1
0.0,5.35640392558e-06,7.62297428672e-05,0.0,0.0,0.0,0.0,0.0,0.0,0.0,0.0,0.0,0.0,0.00195694716243,0.00195694716243,0.0,0.0,0.0,0.0,1.0,0.0,0.0,0.0470588235294,0.337254901961,0.75,0.17,0.08,0.05,0.0,0.0,0.0,0.0,1
0.0,2.18928948816e-06,7.85573686036e-05,0.0,0.0,0.0,0.0,0.0,0.0,0.0,0.0,0.0,0.0,0.00195694716243,0.00782778864971,0.0,0.0,0.0,0.0,1.0,0.0,1.0,0.164705882353,0.423529411765,0.74,0.07,0.02,0.04,0.05,0.0,0.0,0.0,1
0.00440604159166,2.6104176374e-07,0.00023702988749,0.0,0.0,0.0,0.0,0.0,0.0,0.0714285714286,0.0,0.0,0.0,0.00195694716243,0.00195694716243,0.0,0.0,0.0,0.0,1.0,0.0,0.0,0.243137254902,0.0588235294118,0.21,0.05,0.02,0.13,0.03,0.13,0.0,0.0,1
0.0,1.15377575134e-08,0.0,0.0,0.0,0.0,0.0,0.0,0.0,0.0,0.0,0.0,0.0,0.00195694716243,0.00195694716243,0.0,0.0,0.0,0.0,1.0,0.0,0.0,0.0117647058824,0.0627450980392,0.67,0.67,0.33,0.31,0.0,0.0,0.0,0.0,1
0.0,3.39065848924e-06,7.1380522583e-05,0.0,0.0,0.0,0.0,0.0,0.0,0.0,0.0,0.0,0.0,0.00195694716243,0.00195694716243,0.0,0.0,0.0,0.0,1.0,0.0,0.0,0.16862745098,0.694117647059,0.95,0.05,0.02,0.03,0.0,0.0,0.0,0.0,1
0.000462891529085,1.32107323528e-06,0.000527595166918,0.0,0.0,0.633333333333,0.0,0.0,0.0,0.0,0.0,0.0,0.0,0.00391389432485,0.00391389432485,0.0,0.0,0.0,0.0,1.0,0.0,0.0,0.0196078431373,0.0196078431373,1.0,0.0,0.2,0.0,0.0,0.0,0.0,0.0,1
0.000428603267671,4.84585815562e-07,0.000206188846483,0.0,0.0,0.2,0.0,0.0,0.0,0.0,0.0,0.0,0.0,0.00195694716243,0.00195694716243,0.0,0.0,0.0,0.0,1.0,0.0,0.0,0.0980392156863,0.0705882352941,0.72,0.08,0.04,0.0,0.0,0.0,0.0,0.0,1
0.000342882614137,3.44690505712e-07,0.000150131859998,0.0,0.0,0.133333333333,0.0,0.0,0.0,0.0,0.0,0.0,0.0,0.00195694716243,0.00195694716243,0.0,0.0,0.0,0.0,1.0,0.0,0.0,0.21568627451,0.133333333333,0.62,0.04,0.02,0.0,0.0,0.0,0.0,0.0,1
1.71441307069e-05,2.32053147988e-06,7.06046473375e-05,0.0,0.0,0.0,0.0,0.0,0.0,0.0,0.0,0.0,0.0,0.00195694716243,0.00782778864971,0.0,0.0,0.0,0.0,1.0,0.0,1.0,0.294117647059,0.733333333333,0.37,0.03,0.01,0.03,0.0,0.0,0.0,0.0,1
0.0,1.36433982596e-06,6.42036765624e-05,0.0,0.0,0.0,0.0,0.0,0.0,0.0,0.0,0.0,0.0,0.00195694716243,0.00195694716243,0.0,0.0,0.0,0.0,1.0,0.0,0.0,0.0156862745098,0.709803921569,0.5,0.75,0.25,0.04,0.0,0.0,0.0,0.0,1
0.0,2.2109227835e-06,6.40097077511e-05,0.0,0.0,0.0,0.0,0.0,0.0,0.0,0.0,0.0,0.0,0.00195694716243,0.00587084148728,0.0,0.0,0.0,0.0,1.0,0.0,1.0,0.133333333333,0.709803921569,0.85,0.09,0.03,0.03,0.0,0.0,0.0,0.0,1
1.71441307069e-05,1.6513415441e-06,6.40097077511e-05,0.0,0.0,0.0,0.0,0.0,0.0,0.0,0.0,0.0,0.0,0.00195694716243,0.00391389432485,0.0,0.0,0.0,0.0,1.0,0.0,1.0,0.0980392156863,0.737254901961,0.96,0.08,0.04,0.03,0.0,0.0,0.0,0.0,1
0.0,3.40652290582e-06,7.21563978285e-05,0.0,0.0,0.0,0.0,0.0,0.0,0.0,0.0,0.0,0.0,0.00195694716243,0.00391389432485,0.0,0.0,0.0,0.0,1.0,0.0,1.0,0.078431372549,0.717647058824,0.7,0.15,0.05,0.04,0.0,0.0,0.0,0.0,1
1.71441307069e-05,1.65711042286e-06,6.38157389397e-05,0.0,0.0,0.0,0.0,0.0,0.0,0.0,0.0,0.0,0.0,0.00195694716243,0.00978473581213,0.0,0.0,0.0,0.0,1.0,0.0,1.0,0.156862745098,0.717647058824,0.8,0.08,0.03,0.03,0.0,0.0,0.0,0.0,1
0.0,5.1544931691e-06,9.58205928152e-05,0.0,0.0,0.0,0.0,0.0,0.0,0.0,0.0,0.0,0.0,0.00195694716243,0.00391389432485,0.0,0.0,0.0,0.0,1.0,0.0,1.0,0.078431372549,0.713725490196,0.95,0.1,0.05,0.04,0.0,0.0,0.0,0.0,1
0.0,2.84694166642e-06,9.58205928152e-05,0.0,0.0,0.0,0.0,0.0,0.0,0.0,0.0,0.0,0.0,0.00195694716243,0.00195694716243,0.0,0.0,0.0,0.0,1.0,0.0,0.0,0.117647058824,0.713725490196,0.97,0.07,0.03,0.03,0.0,0.0,0.0,0.0,1
0.0,3.36614075453e-06,0.00010648887744,0.0,0.0,0.0,0.0,0.0,0.0,0.0,0.0,0.0,0.0,0.00195694716243,0.00195694716243,0.0,0.0,0.0,0.0,1.0,0.0,0.0,0.156862745098,0.717647058824,0.95,0.05,0.03,0.03,0.0,0.0,0.0,0.0,1
0.0,2.88443937834e-07,0.000473477868547,0.0,0.0,0.0,0.0,0.0,0.0,0.0,0.0,0.0,0.0,0.00391389432485,0.00391389432485,0.0,0.0,0.0,0.0,1.0,0.0,0.0,0.105882352941,0.105882352941,1.0,0.0,0.04,0.0,0.0,0.0,0.0,0.0,1
0.0,3.02866134726e-07,0.00025118961072,0.0,0.0,0.0,0.0,0.0,0.0,0.0,0.0,0.0,0.0,0.00391389432485,0.00391389432485,0.0,0.0,0.0,0.0,1.0,0.0,0.0,0.18431372549,0.18431372549,1.0,0.0,0.02,0.0,0.0,0.0,0.0,0.0,1
0.0,4.60068080846e-07,0.000126079727388,0.0,0.0,0.0,0.0,0.0,0.0,0.0,0.0,0.0,0.0,0.00782778864971,0.00782778864971,0.0,0.0,0.0,0.0,1.0,0.0,0.0,0.349019607843,0.733333333333,1.0,0.0,0.01,0.01,0.0,0.0,0.0,0.0,1
0.0,4.32665906751e-08,0.0,0.0,0.0,0.0,0.0,0.0,0.0,0.0,0.0,0.0,0.0,0.00195694716243,0.00195694716243,0.0,0.0,0.0,0.0,1.0,0.0,0.0,0.043137254902,0.043137254902,1.0,0.0,1.0,0.0,0.0,0.0,0.0,0.0,1
0.0,4.32665906751e-08,0.0,0.0,0.0,0.0,0.0,0.0,0.0,0.0,0.0,0.0,0.0,0.00195694716243,0.00195694716243,0.0,0.0,0.0,0.0,1.0,0.0,0.0,0.121568627451,0.121568627451,1.0,0.0,1.0,0.0,0.0,0.0,0.0,0.0,1
0.0,4.32665906751e-08,0.0,0.0,0.0,0.0,0.0,0.0,0.0,0.0,0.0,0.0,0.0,0.00195694716243,0.00195694716243,0.0,0.0,0.0,0.0,1.0,0.0,0.0,0.172549019608,0.176470588235,1.0,0.0,1.0,0.04,0.0,0.0,0.0,0.0,1
0.0,4.48530323332e-07,0.000151295672866,0.0,0.0,0.0,0.0,0.0,0.0,0.0,0.0,0.0,0.0,0.00978473581213,0.00978473581213,0.0,0.0,0.0,0.0,1.0,0.0,0.0,0.0196078431373,0.145098039216,1.0,0.0,0.2,0.05,0.0,0.0,0.0,0.0,1
0.0,4.64394739913e-07,0.000547573954489,0.0,0.0,0.0,0.0,0.0,0.0,0.0,0.0,0.0,0.0,0.0469667318982,0.0528375733855,0.0,0.0,0.0,0.0,1.0,0.0,0.11,0.176470588235,0.301960784314,1.0,0.0,0.02,0.03,0.0,0.0,0.0,0.0,1
0.0,3.24499430064e-07,0.00214510108491,0.0,0.0,0.0,0.0,0.0,0.0,0.0,0.0,0.0,0.0,0.00782778864971,0.00978473581213,0.0,0.0,0.0,0.0,1.0,0.0,0.4,0.21568627451,0.341176470588,1.0,0.0,0.02,0.02,0.0,0.0,0.0,0.0,1
0.0,3.93725975144e-07,0.00293707574172,0.0,0.0,0.0,0.0,0.0,0.0,0.0,0.0,0.0,0.0,0.00587084148728,0.00587084148728,0.0,0.0,0.0,0.0,1.0,0.0,0.0,0.243137254902,0.929411764706,1.0,0.0,0.02,0.04,0.0,0.0,0.0,0.0,1
0.0,4.02379293279e-07,7.52598988104e-05,0.0,0.0,0.0,0.0,0.0,0.0,0.0,0.0,0.0,0.0,0.00391389432485,0.0176125244618,0.0,0.0,0.0,0.0,1.0,0.0,0.22,0.0078431372549,0.96862745098,1.0,0.0,0.5,0.04,0.0,0.0,0.0,0.0,1
0.0,2.79790619699e-07,0.000807104224098,0.0,0.0,0.0,0.0,0.0,0.0,0.0,0.0,0.0,0.0,0.00782778864971,0.00782778864971,0.0,0.0,0.0,0.0,1.0,0.0,0.0,0.0470588235294,1.0,1.0,0.0,0.08,0.04,0.0,0.0,0.0,0.0,1
0.0,4.29781467373e-07,0.00331124157884,0.0,0.0,0.0,0.0,0.0,0.0,0.0,0.0,0.0,0.0,0.00587084148728,0.00587084148728,0.0,0.0,0.0,0.0,1.0,0.0,0.0,0.0313725490196,1.0,1.0,0.0,0.12,0.05,0.0,0.0,0.0,0.0,1
0.0,3.04308354415e-07,0.00063854532702,0.0,0.0,0.0,0.0,0.0,0.0,0.0,0.0,0.0,0.0,0.00978473581213,0.00978473581213,0.0,0.0,0.0,0.0,1.0,0.0,0.0,0.0196078431373,1.0,1.0,0.0,0.2,0.05,0.0,0.0,0.0,0.0,1
0.0,4.48530323332e-07,0.000949671300452,0.0,0.0,0.0,0.0,0.0,0.0,0.0,0.0,0.0,0.0,0.0215264187867,0.0215264187867,0.0,0.0,0.0,0.0,1.0,0.0,0.0,0.176470588235,1.0,1.0,0.0,0.02,0.05,0.0,0.0,0.0,0.0,1
0.0,4.49972543022e-07,0.000413347537023,0.0,0.0,0.0,0.0,0.0,0.0,0.0,0.0,0.0,0.0,0.0176125244618,0.0176125244618,0.0,0.0,0.0,0.0,1.0,0.0,0.0,0.254901960784,1.0,1.0,0.0,0.02,0.04,0.0,0.0,0.0,0.0,1
0.0,4.34108126441e-07,0.000105519033384,0.0,0.0,0.0,0.0,0.0,0.0,0.0,0.0,0.0,0.0,0.0332681017613,0.0352250489237,0.0,0.0,0.0,0.0,1.0,0.0,0.11,0.133333333333,1.0,1.0,0.0,0.03,0.03,0.0,0.0,0.0,0.0,1
0.0,2.17775173065e-07,0.00233325083193,0.0,0.0,0.0,0.0,0.0,0.0,0.0,0.0,0.0,0.0,0.00195694716243,0.00195694716243,0.0,0.0,0.0,0.0,1.0,0.0,0.0,0.36862745098,1.0,1.0,0.0,0.01,0.03,0.0,0.0,0.0,0.0,1
0.0,2.92770596902e-07,0.000540203139657,0.0,0.0,0.0,0.0,0.0,0.0,0.0,0.0,0.0,0.0,0.0195694716243,0.0567514677104,0.0,0.0,0.0,0.0,1.0,0.0,0.07,0.0392156862745,1.0,1.0,0.0,0.1,0.03,0.0,0.0,0.0,0.0,1
0.0,4.44203664265e-07,0.000289401466559,0.0,0.0,0.0,0.0,0.0,0.0,0.0,0.0,0.0,0.0,0.00782778864971,0.00782778864971,0.0,0.0,0.0,0.0,1.0,0.0,0.0,0.078431372549,1.0,1.0,0.0,0.05,0.03,0.0,0.0,0.0,0.0,1
0.0,4.15359270481e-07,0.000437399669632,0.0,0.0,0.0,0.0,0.0,0.0,0.0,0.0,0.0,0.0,0.00391389432485,0.00782778864971,0.0,0.0,0.0,0.0,1.0,0.0,0.75,0.0078431372549,1.0,1.0,0.0,0.5,0.03,0.0,0.0,0.0,0.0,1
0.0,3.79303778252e-07,7.85573686036e-05,0.0,0.0,0.0,0.0,0.0,0.0,0.0,0.0,0.0,0.0,0.00587084148728,0.00587084148728,0.0,0.0,0.0,0.0,1.0,0.0,0.0,0.0470588235294,1.0,1.0,0.0,0.08,0.03,0.0,0.0,0.0,0.0,1
0.0,4.88912474629e-07,0.000312483755112,0.0,0.0,0.0,0.0,0.0,0.0,0.0,0.0,0.0,0.0,0.0254403131115,0.0254403131115,0.0,0.0,0.0,0.0,1.0,0.0,0.0,0.0862745098039,1.0,1.0,0.0,0.05,0.03,0.0,0.0,0.0,0.0,1
0.0,3.59112702604e-07,8.20488072082e-05,0.0,0.0,0.0,0.0,0.0,0.0,0.0,0.0,0.0,0.0,0.00195694716243,0.0332681017613,0.0,0.0,0.0,0.0,1.0,0.0,0.18,0.0313725490196,1.0,1.0,0.0,0.12,0.04,0.0,0.0,0.0,0.0,1
0.0,3.17288331618e-07,0.000919218197068,0.0,0.0,0.0,0.0,0.0,0.0,0.0,0.0,0.0,0.0,0.00195694716243,0.00978473581213,0.0,0.0,0.0,0.0,1.0,0.0,0.6,0.00392156862745,1.0,1.0,0.0,1.0,0.05,0.0,0.0,0.0,0.0,1
0.0,1.01388044149e-06,6.36217701283e-05,0.0,0.0,0.0,0.0,0.0,0.0,0.0,0.0,0.0,0.0,0.00195694716243,0.00391389432485,0.0,0.0,0.0,0.0,1.0,0.0,1.0,0.23137254902,0.152941176471,0.66,0.08,0.02,0.0,0.0,0.0,0.0,0.0,1
0.000342882614137,1.47106408296e-07,0.00040015765785,0.0,0.0,0.0,0.0,0.0,0.0,0.0,0.0,0.0,0.0,0.00195694716243,0.00195694716243,0.0,0.0,0.0,0.0,1.0,0.0,0.0,0.0078431372549,0.0078431372549,0.5,1.0,0.5,1.0,0.0,0.0,0.0,0.0,1
0.0,3.53343823847e-07,0.0043258924311,0.0,0.0,0.0,0.0,0.0,0.0,0.0,0.0,0.0,0.0,0.00978473581213,0.00978473581213,0.0,0.0,0.0,0.0,1.0,0.0,0.0,0.0392156862745,0.611764705882,1.0,0.0,0.1,0.07,0.1,0.01,0.0,0.0,1
0.0,4.61510300535e-07,0.00364622571607,0.0,0.0,0.0,0.0,0.0,0.0,0.0,0.0,0.0,0.0,0.013698630137,0.013698630137,0.0,0.0,0.0,0.0,1.0,0.0,0.0,0.117647058824,0.611764705882,1.0,0.0,0.03,0.07,0.03,0.01,0.0,0.0,1
0.0,4.49972543022e-07,0.00364622571607,0.0,0.0,0.0,0.0,0.0,0.0,0.0,0.0,0.0,0.0,0.00782778864971,0.00782778864971,0.0,0.0,0.0,0.0,1.0,0.0,0.0,0.156862745098,0.611764705882,1.0,0.0,0.03,0.06,0.03,0.01,0.0,0.0,1
0.0,1.42779749228e-06,6.49795518079e-05,0.0,0.0,0.0,0.0,0.0,0.0,0.0,0.0,0.0,0.0,0.00195694716243,0.00195694716243,0.0,0.0,0.0,0.0,1.0,0.0,0.0,0.0627450980392,0.250980392157,0.69,0.19,0.06,0.03,0.0,0.0,0.0,0.0,1
0.0,3.24355208095e-06,6.47855829965e-05,0.0,0.0,0.0,0.0,0.0,0.0,0.0,0.0,0.0,0.0,0.00195694716243,0.00195694716243,0.0,0.0,0.0,0.0,1.0,0.0,0.0,0.258823529412,0.38431372549,0.68,0.06,0.02,0.02,0.0,0.0,0.0,0.0,1
0.0,1.15377575134e-08,7.09925849603e-05,0.0,0.0,0.0,0.0,0.0,0.0,0.0,0.0,0.0,0.0,0.00195694716243,0.00195694716243,0.0,0.0,0.0,0.0,1.0,0.0,0.0,0.101960784314,0.0705882352941,0.15,0.15,0.08,0.17,0.0,0.0,0.0,0.0,1
0.0,1.80565905084e-06,6.5561458242e-05,0.0,0.0,0.0,0.0,0.0,0.0,0.0,0.0,0.0,0.0,0.00195694716243,0.00195694716243,0.0,0.0,0.0,0.0,1.0,0.0,0.0,0.152941176471,0.537254901961,0.87,0.05,0.03,0.02,0.0,0.0,0.0,0.0,1
0.0,1.90228777002e-06,5.54750800509e-05,0.0,0.0,0.0,0.0,0.0,0.0,0.0,0.0,0.0,0.0,0.00195694716243,0.00195694716243,0.0,0.0,0.0,0.0,1.0,0.0,0.0,0.23137254902,0.603921568627,0.86,0.03,0.02,0.02,0.0,0.0,0.0,0.0,1
0.0,1.944112141e-06,5.52811112396e-05,0.0,0.0,0.0,0.0,0.0,0.0,0.0,0.0,0.0,0.0,0.00195694716243,0.00195694716243,0.0,0.0,0.0,0.0,1.0,0.0,0.0,0.309803921569,0.662745098039,0.84,0.04,0.01,0.02,0.0,0.0,0.0,0.0,1
0.0,4.61510300535e-08,0.0,0.0,0.0,0.0,0.0,0.0,0.0,0.0,0.0,0.0,0.0,0.00195694716243,0.00391389432485,0.0,0.0,0.0,0.0,1.0,0.0,1.0,0.0235294117647,0.172549019608,0.33,0.5,0.33,0.09,0.0,0.0,0.0,0.0,1
0.0,4.1824370986e-08,0.0,0.0,0.0,0.0,0.0,0.0,0.0,0.0,0.0,0.0,0.0,0.00195694716243,0.00391389432485,0.0,0.0,0.0,0.0,1.0,0.0,1.0,0.133333333333,0.18431372549,0.15,0.15,0.15,0.09,0.0,0.0,0.0,0.0,1
1.71441307069e-05,1.15521797103e-06,6.45916141852e-05,0.0,0.0,0.0,0.0,0.0,0.0,0.0,0.0,0.0,0.0,0.00195694716243,0.00587084148728,0.0,0.0,0.0,0.0,1.0,0.0,1.0,0.447058823529,0.529411764706,0.34,0.05,0.01,0.02,0.0,0.0,0.0,0.0,1
0.000394315006258,4.80259156494e-07,0.000204443127181,0.0,0.0,0.2,0.0,0.0,0.0,0.0,0.0,0.0,0.0,0.00195694716243,0.00195694716243,0.0,0.0,0.0,0.0,1.0,0.0,0.0,0.486274509804,0.219607843137,0.45,0.05,0.01,0.0,0.0,0.0,0.0,0.0,1
0.000445747398378,1.28934440212e-06,0.000501603346195,0.0,0.0,0.6,0.0,0.0,0.0,0.0,0.0,0.0,0.0,0.00195694716243,0.00195694716243,0.0,0.0,0.0,0.0,1.0,0.0,0.0,0.525490196078,0.243137254902,0.46,0.04,0.01,0.0,0.0,0.0,0.0,0.0,1
0.0,3.15846111929e-07,7.1380522583e-05,0.0,0.0,0.0,0.0,0.0,0.0,0.0,0.0,0.0,0.0,0.0332681017613,0.0332681017613,0.0,0.0,0.0,0.0,1.0,0.0,0.0,0.0666666666667,0.0666666666667,1.0,0.0,0.06,0.0,0.0,0.0,0.0,0.0,1
0.0,3.1296167255e-07,7.04106785262e-05,0.0,0.0,0.0,0.0,0.0,0.0,0.0,0.0,0.0,0.0,0.00195694716243,0.0430528375734,0.0,0.0,0.0,0.0,1.0,0.0,0.14,0.0156862745098,0.498039215686,1.0,0.0,0.25,0.09,0.0,0.0,0.0,0.0,1
0.0,4.28339247684e-07,0.000537099638675,0.0,0.0,0.0,0.0,0.0,0.0,0.0,0.0,0.0,0.0,0.00195694716243,0.00391389432485,0.0,0.0,0.0,0.0,1.0,0.0,1.0,0.00392156862745,0.537254901961,1.0,0.0,1.0,0.1,0.0,0.0,0.0,0.0,1
0.0,4.44203664265e-07,0.000247892140927,0.0,0.0,0.0,0.0,0.0,0.0,0.0,0.0,0.0,0.0,0.00391389432485,0.0313111545988,0.0,0.0,0.0,0.0,1.0,0.0,0.12,0.043137254902,0.576470588235,1.0,0.0,0.09,0.1,0.0,0.0,0.0,0.0,1
0.0,3.95168194833e-07,3.80178870279e-05,0.0,0.0,0.0,0.0,0.0,0.0,0.0,0.0,0.0,0.0,0.00195694716243,0.00195694716243,0.0,0.0,0.0,0.0,1.0,0.0,0.0,0.0352941176471,0.61568627451,1.0,0.0,0.11,0.1,0.0,0.0,0.0,0.0,1
0.0,4.19685929549e-07,0.0010972815659,0.0,0.0,0.0,0.0,0.0,0.0,0.0,0.0,0.0,0.0,0.00978473581213,0.00978473581213,0.0,0.0,0.0,0.0,1.0,0.0,0.0,0.0274509803922,0.654901960784,1.0,0.0,0.14,0.1,0.0,0.0,0.0,0.0,1
0.0,3.25941649753e-07,0.000777039058336,0.0,0.0,0.0,0.0,0.0,0.0,0.0,0.0,0.0,0.0,0.00391389432485,0.00782778864971,0.0,0.0,0.0,0.0,1.0,0.0,0.75,0.117647058824,0.929411764706,1.0,0.0,0.03,0.08,0.0,0.0,0.0,0.0,1
0.0,3.44690505712e-07,0.000445158422087,0.0,0.0,0.0,0.0,0.0,0.0,0.0,0.0,0.0,0.0,0.00195694716243,0.00195694716243,0.0,0.0,0.0,0.0,1.0,0.0,0.0,0.0470588235294,1.0,1.0,0.0,0.08,0.07,0.0,0.0,0.0,0.0,1
0.0,3.3026830882e-07,0.000407140535059,0.0,0.0,0.0,0.0,0.0,0.0,0.0,0.0,0.0,0.0,0.00587084148728,0.00782778864971,0.0,0.0,0.0,0.0,1.0,0.0,0.5,0.0274509803922,1.0,1.0,0.0,0.14,0.06,0.0,0.0,0.0,0.0,1
0.0,3.53343823847e-07,8.18548383968e-05,0.0,0.0,0.0,0.0,0.0,0.0,0.0,0.0,0.0,0.0,0.0215264187867,0.0215264187867,0.0,0.0,0.0,0.0,1.0,0.0,0.0,0.105882352941,1.0,1.0,0.0,0.04,0.06,0.0,0.0,0.0,0.0,1
0.0,2.13448513997e-07,0.000108428565554,0.0,0.0,0.0,0.0,0.0,0.0,0.0,0.0,0.0,0.0,0.00195694716243,0.00391389432485,0.0,0.0,0.0,0.0,1.0,0.0,1.0,0.0117647058824,1.0,1.0,0.0,0.33,0.05,0.0,0.0,0.0,0.0,1
0.0,4.32665906751e-07,0.000344100671365,0.0,0.0,0.0,0.0,0.0,0.0,0.0,0.0,0.0,0.0,0.00587084148728,0.00587084148728,0.0,0.0,0.0,0.0,1.0,0.0,0.0,0.105882352941,1.0,1.0,0.0,0.04,0.05,0.0,0.0,0.0,0.0,1
0.0,3.33152748199e-07,5.54750800509e-05,0.0,0.0,0.0,0.0,0.0,0.0,0.0,0.0,0.0,0.0,0.00782778864971,0.00782778864971,0.0,0.0,0.0,0.0,1.0,0.0,0.0,0.0156862745098,1.0,1.0,0.0,0.25,0.05,0.0,0.0,0.0,0.0,1
0.0,4.80259156494e-07,0.000650183455702,0.0,0.0,0.0,0.0,0.0,0.0,0.0,0.0,0.0,0.0,0.0176125244618,0.0176125244618,0.0,0.0,0.0,0.0,1.0,0.0,0.0,0.207843137255,1.0,1.0,0.0,0.02,0.05,0.0,0.0,0.0,0.0,1
0.0,4.80259156494e-07,0.000650183455702,0.0,0.0,0.0,0.0,0.0,0.0,0.0,0.0,0.0,0.0,0.00391389432485,0.00391389432485,0.0,0.0,0.0,0.0,1.0,0.0,0.0,0.247058823529,1.0,1.0,0.0,0.02,0.05,0.0,0.0,0.0,0.0,1
0.0,4.7016361867e-07,0.000303561189789,0.0,0.0,0.0,0.0,0.0,0.0,0.0,0.0,0.0,0.0,0.00391389432485,0.00391389432485,0.0,0.0,0.0,0.0,1.0,0.0,0.0,0.286274509804,1.0,1.0,0.0,0.01,0.05,0.0,0.0,0.0,0.0,1
0.0,3.1296167255e-07,0.00169334772323,0.0,0.0,0.0,0.0,0.0,0.0,0.0,0.0,0.0,0.0,0.00978473581213,0.00978473581213,0.0,0.0,0.0,0.0,1.0,0.0,0.0,0.0196078431373,1.0,1.0,0.0,0.2,0.04,0.0,0.0,0.0,0.0,1
0.0,4.42761444576e-07,0.000225197789997,0.0,0.0,0.0,0.0,0.0,0.0,0.0,0.0,0.0,0.0,0.00195694716243,0.00195694716243,0.0,0.0,0.0,0.0,1.0,0.0,0.0,0.0705882352941,1.0,1.0,0.0,0.06,0.05,0.0,0.0,0.0,0.0,1
0.0,2.4373512747e-07,0.00209020791129,0.0,0.0,0.0,0.0,0.0,0.0,0.0,0.0,0.0,0.0,0.00195694716243,0.00195694716243,0.0,0.0,0.0,0.0,1.0,0.0,0.0,0.0196078431373,1.0,1.0,0.0,0.2,0.06,0.0,0.0,0.0,0.0,1
0.0,2.75463960632e-07,0.00109262631443,0.0,0.0,0.0,0.0,0.0,0.0,0.0,0.0,0.0,0.0,0.00195694716243,0.00195694716243,0.0,0.0,0.0,0.0,1.0,0.0,0.0,0.00392156862745,1.0,1.0,0.0,1.0,0.06,0.0,0.0,0.0,0.0,1
0.0,3.41806066334e-07,0.000509168129838,0.0,0.0,0.0,0.0,0.0,0.0,0.0,0.0,0.0,0.0,0.00587084148728,0.00587084148728,0.0,0.0,0.0,0.0,1.0,0.0,0.0,0.121568627451,1.0,1.0,0.0,0.03,0.05,0.0,0.0,0.0,0.0,1
0.0,3.38921626955e-07,0.000358842301029,0.0,0.0,0.0,0.0,0.0,0.0,0.0,0.0,0.0,0.0,0.0254403131115,0.0254403131115,0.0,0.0,0.0,0.0,1.0,0.0,0.0,0.278431372549,1.0,1.0,0.0,0.01,0.04,0.0,0.0,0.0,0.0,1
0.0,2.89886157524e-07,0.0024248041109,0.0,0.0,0.0,0.0,0.0,0.0,0.0,0.0,0.0,0.0,0.00587084148728,0.00587084148728,0.0,0.0,0.0,0.0,1.0,0.0,0.0,0.0117647058824,1.0,1.0,0.0,0.33,0.04,0.0,0.0,0.0,0.0,1
0.0,3.17288331618e-07,0.000458542270071,0.0,0.0,0.0,0.0,0.0,0.0,0.0,0.0,0.0,0.0,0.00782778864971,0.00782778864971,0.0,0.0,0.0,0.0,1.0,0.0,0.0,0.0941176470588,1.0,1.0,0.0,0.04,0.05,0.0,0.0,0.0,0.0,1
0.0,3.11519452861e-07,0.00190457975881,0.0,0.0,0.0,0.0,0.0,0.0,0.0,0.0,0.0,0.0,0.0117416829746,0.0117416829746,0.0,0.0,0.0,0.0,1.0,0.0,0.0,0.407843137255,1.0,1.0,0.0,0.01,0.03,0.01,0.0,0.0,0.0,1
0.0,2.79790619699e-07,0.000264961396327,0.0,0.0,0.0,0.0,0.0,0.0,0.0,0.0,0.0,0.0,0.00978473581213,0.00978473581213,0.0,0.0,0.0,0.0,1.0,0.0,0.0,0.643137254902,1.0,1.0,0.0,0.01,0.02,0.01,0.0,0.0,0.0,1
0.0,3.77861558563e-07,0.000933959826732,0.0,0.0,0.0,0.0,0.0,0.0,0.0,0.0,0.0,0.0,0.00195694716243,0.00587084148728,0.0,0.0,0.0,0.0,1.0,0.0,1.0,0.0196078431373,1.0,1.0,0.0,0.2,0.03,0.0,0.0,0.0,0.0,1
0.0,3.56228263225e-07,0.000933959826732,0.0,0.0,0.0,0.0,0.0,0.0,0.0,0.0,0.0,0.0,0.00391389432485,0.00587084148728,0.0,0.0,0.0,0.0,1.0,0.0,0.67,0.450980392157,1.0,1.0,0.0,0.01,0.01,0.0,0.0,0.0,0.0,1
0.0,3.60554922293e-07,0.000933959826732,0.0,0.0,0.0,0.0,0.0,0.0,0.0,0.0,0.0,0.0,0.00195694716243,0.00391389432485,0.0,0.0,0.0,0.0,1.0,0.0,1.0,0.529411764706,1.0,1.0,0.0,0.01,0.01,0.0,0.0,0.0,0.0,1
0.0,4.21128149238e-07,0.000544664422318,0.0,0.0,0.0,0.0,0.0,0.0,0.0,0.0,0.0,0.0,0.00195694716243,0.00195694716243,0.0,0.0,0.0,0.0,1.0,0.0,0.0,0.266666666667,1.0,1.0,0.0,0.01,0.01,0.0,0.0,0.0,0.0,1
0.0,4.16801490171e-07,0.000491904905626,0.0,0.0,0.0,0.0,0.0,0.0,0.0,0.0,0.0,0.0,0.041095890411,0.041095890411,0.0,0.0,0.0,0.0,1.0,0.0,0.0,0.345098039216,1.0,1.0,0.0,0.01,0.01,0.0,0.0,0.0,0.0,1
0.0,4.31223687062e-07,0.000272332211159,0.0,0.0,0.0,0.0,0.0,0.0,0.0,0.0,0.0,0.0,0.0293542074364,0.0293542074364,0.0,0.0,0.0,0.0,1.0,0.0,0.0,0.541176470588,1.0,1.0,0.0,0.01,0.01,0.0,0.0,0.0,0.0,1
0.0,4.3555034613e-07,0.000790034968697,0.0,0.0,0.0,0.0,0.0,0.0,0.0,0.0,0.0,0.0,0.013698630137,0.0215264187867,0.0,0.0,0.0,0.0,1.0,0.0,0.18,0.619607843137,1.0,1.0,0.0,0.01,0.01,0.0,0.0,0.0,0.0,1
0.0,4.61510300535e-07,0.000535741856995,0.0,0.0,0.0,0.0,0.0,0.0,0.0,0.0,0.0,0.0,0.0528375733855,0.0645792563601,0.0,0.0,0.0,0.0,1.0,0.0,0.06,0.737254901961,1.0,1.0,0.0,0.01,0.01,0.0,0.0,0.0,0.0,1
0.0,3.93725975144e-07,8.18548383968e-05,0.0,0.0,0.0,0.0,0.0,0.0,0.0,0.0,0.0,0.0,0.00978473581213,0.00978473581213,0.0,0.0,0.0,0.0,1.0,0.0,0.0,0.894117647059,1.0,1.0,0.0,0.0,0.01,0.0,0.0,0.0,0.0,1
0.0,2.99981695348e-07,0.00102027594779,0.0,0.0,0.0,0.0,0.0,0.0,0.0,0.0,0.0,0.0,0.0234833659491,0.0763209393346,0.0,0.0,0.0,0.0,1.0,0.0,0.05,0.972549019608,1.0,1.0,0.0,0.0,0.01,0.0,0.0,0.0,0.0,1
0.0,2.97097255969e-07,0.000481624558624,0.0,0.0,0.0,0.0,0.0,0.0,0.0,0.0,0.0,0.0,0.0430528375734,0.0978473581213,0.0,0.0,0.0,0.0,1.0,0.0,0.04,1.0,1.0,1.0,0.0,0.0,0.0,0.0,0.0,0.0,0.0,1
0.0,3.04308354415e-07,0.000544664422318,0.0,0.0,0.0,0.0,0.0,0.0,0.0,0.0,0.0,0.0,0.0176125244618,0.0176125244618,0.0,0.0,0.0,0.0,1.0,0.0,0.0,1.0,1.0,1.0,0.0,0.0,0.0,0.0,0.0,0.0,0.0,1
0.0,3.14403892239e-07,0.000804970567173,0.0,0.0,0.0,0.0,0.0,0.0,0.0,0.0,0.0,0.0,0.0215264187867,0.0215264187867,0.0,0.0,0.0,0.0,1.0,0.0,0.0,1.0,1.0,1.0,0.0,0.0,0.0,0.0,0.0,0.0,0.0,1
0.0,3.27383869442e-07,0.000516344975859,0.0,0.0,0.0,0.0,0.0,0.0,0.0,0.0,0.0,0.0,0.00587084148728,0.00587084148728,0.0,0.0,0.0,0.0,1.0,0.0,0.0,1.0,1.0,1.0,0.0,0.0,0.0,0.0,0.0,0.0,0.0,1
0.0,3.3026830882e-07,0.00321289939148,0.0,0.0,0.0,0.0,0.0,0.0,0.0,0.0,0.0,0.0,0.0117416829746,0.0117416829746,0.0,0.0,0.0,0.0,1.0,0.0,0.0,1.0,1.0,1.0,0.0,0.0,0.0,0.0,0.0,0.0,0.0,1
0.0,3.27383869442e-07,0.000790034968697,0.0,0.0,0.0,0.0,0.0,0.0,0.0,0.0,0.0,0.0,0.00587084148728,0.0195694716243,0.0,0.0,0.0,0.0,1.0,0.0,0.3,1.0,1.0,1.0,0.0,0.0,0.0,0.0,0.0,0.0,0.0,1
0.0,3.17288331618e-07,0.000535741856995,0.0,0.0,0.0,0.0,0.0,0.0,0.0,0.0,0.0,0.0,0.0371819960861,0.0371819960861,0.0,0.0,0.0,0.0,1.0,0.0,0.0,1.0,1.0,1.0,0.0,0.0,0.0,0.0,0.0,0.0,0.0,1
0.0,4.68721398981e-07,0.000513823381311,0.0,0.0,0.0,0.0,0.0,0.0,0.0,0.0,0.0,0.0,0.00195694716243,0.0352250489237,0.0,0.0,0.0,0.0,1.0,0.0,0.22,1.0,1.0,1.0,0.0,0.0,0.0,0.0,0.0,0.0,0.0,1
0.0,4.57183641467e-07,0.00143226570313,0.0,0.0,0.0,0.0,0.0,0.0,0.0,0.0,0.0,0.0,0.0215264187867,0.0489236790607,0.0,0.0,0.0,0.0,1.0,0.0,0.12,1.0,1.0,1.0,0.0,0.0,0.0,0.0,0.0,0.0,0.0,1
0.0,4.65836959602e-07,0.000481624558624,0.0,0.0,0.0,0.0,0.0,0.0,0.0,0.0,0.0,0.0,0.041095890411,0.0684931506849,0.0,0.0,0.0,0.0,1.0,0.0,0.09,1.0,1.0,1.0,0.0,0.0,0.0,0.0,0.0,0.0,0.0,1
0.0,4.34108126441e-07,0.000272332211159,0.0,0.0,0.0,0.0,0.0,0.0,0.0,0.0,0.0,0.0,0.0117416829746,0.0117416829746,0.0,0.0,0.0,0.0,1.0,0.0,0.0,1.0,1.0,1.0,0.0,0.0,0.0,0.0,0.0,0.0,0.0,1
0.0,4.3555034613e-07,0.00200757719765,0.0,0.0,0.0,0.0,0.0,0.0,0.0,0.0,0.0,0.0,0.0313111545988,0.0313111545988,0.0,0.0,0.0,0.0,1.0,0.0,0.0,1.0,1.0,1.0,0.0,0.0,0.0,0.0,0.0,0.0,0.0,1
0.0,4.22570368927e-07,0.000482206465058,0.0,0.0,0.0,0.0,0.0,0.0,0.0,0.0,0.0,0.0,0.0547945205479,0.0547945205479,0.0,0.0,0.0,0.0,1.0,0.0,0.0,1.0,1.0,1.0,0.0,0.0,0.0,0.0,0.0,0.0,0.0,1
0.0,3.25941649753e-07,0.000516344975859,0.0,0.0,0.0,0.0,0.0,0.0,0.0,0.0,0.0,0.0,0.013698630137,0.013698630137,0.0,0.0,0.0,0.0,1.0,0.0,0.0,1.0,1.0,1.0,0.0,0.0,0.0,0.0,0.0,0.0,0.0,1
0.0,3.25941649753e-07,0.000465913084903,0.0,0.0,0.0,0.0,0.0,0.0,0.0,0.0,0.0,0.0,0.0528375733855,0.0528375733855,0.0,0.0,0.0,0.0,1.0,0.0,0.0,1.0,1.0,1.0,0.0,0.0,0.0,0.0,0.0,0.0,0.0,1
0.0,4.75932497427e-07,0.00164621330207,0.0,0.0,0.0,0.0,0.0,0.0,0.0,0.0,0.0,0.0,0.00587084148728,0.0176125244618,0.0,0.0,0.0,0.0,1.0,0.0,0.22,1.0,1.0,1.0,0.0,0.0,0.0,0.0,0.0,0.0,0.0,1
0.0,4.54299202089e-07,0.000289401466559,0.0,0.0,0.0,0.0,0.0,0.0,0.0,0.0,0.0,0.0,0.0234833659491,0.0352250489237,0.0,0.0,0.0,0.0,1.0,0.0,0.11,1.0,1.0,1.0,0.0,0.0,0.0,0.0,0.0,0.0,0.0,1
0.0,4.58625861157e-07,0.000338475575835,0.0,0.0,0.0,0.0,0.0,0.0,0.0,0.0,0.0,0.0,0.041095890411,0.0567514677104,0.0,0.0,0.0,0.0,1.0,0.0,0.07,1.0,1.0,1.0,0.0,0.0,0.0,0.0,0.0,0.0,0.0,1
0.0,5.16314648723e-07,0.000283970339841,0.0,0.0,0.0,0.0,0.0,0.0,0.0,0.0,0.0,0.0,0.0117416829746,0.0117416829746,0.0,0.0,0.0,0.0,1.0,0.0,0.0,1.0,1.0,1.0,0.0,0.0,0.0,0.0,0.0,0.0,0.0,1
0.0,4.45645883954e-07,5.78027057873e-05,0.0,0.0,0.0,0.0,0.0,0.0,0.0,0.0,0.0,0.0,0.0489236790607,0.0489236790607,0.0,0.0,0.0,0.0,1.0,0.0,0.0,1.0,1.0,1.0,0.0,0.01,0.0,0.0,0.0,0.0,0.0,1
0.0,3.07192793794e-07,0.00164621330207,0.0,0.0,0.0,0.0,0.0,0.0,0.0,0.0,0.0,0.0,0.00391389432485,0.00391389432485,0.0,0.0,0.0,0.0,1.0,0.0,0.0,1.0,1.0,1.0,0.0,0.0,0.0,0.0,0.0,0.0,0.0,1
0.0,2.88443937834e-07,0.000491904905626,0.0,0.0,0.0,0.0,0.0,0.0,0.0,0.0,0.0,0.0,0.0430528375734,0.0430528375734,0.0,0.0,0.0,0.0,1.0,0.0,0.0,1.0,1.0,1.0,0.0,0.0,0.0,0.0,0.0,0.0,0.0,1
0.0,2.92770596902e-07,0.000535741856995,0.0,0.0,0.0,0.0,0.0,0.0,0.0,0.0,0.0,0.0,0.0489236790607,0.0489236790607,0.0,0.0,0.0,0.0,1.0,0.0,0.0,1.0,1.0,1.0,0.0,0.0,0.0,0.0,0.0,0.0,0.0,1
0.0,3.33152748199e-07,0.00534888394225,0.0,0.0,0.0,0.0,0.0,0.0,0.0,0.0,0.0,0.0,0.013698630137,0.013698630137,0.0,0.0,0.0,0.0,1.0,0.0,0.0,1.0,1.0,1.0,0.0,0.0,0.0,0.0,0.0,0.0,0.0,1
0.0,4.74490277737e-07,0.00267095053252,0.0,0.0,0.0,0.0,0.0,0.0,0.0,0.0,0.0,0.0,0.0156555772994,0.0156555772994,0.0,0.0,0.0,0.0,1.0,0.0,0.0,1.0,1.0,1.0,0.0,0.0,0.0,0.0,0.0,0.0,0.0,1
0.0,2.99981695348e-07,0.00102027594779,0.0,0.0,0.0,0.0,0.0,0.0,0.0,0.0,0.0,0.0,0.0332681017613,0.0332681017613,0.0,0.0,0.0,0.0,1.0,0.0,0.0,1.0,1.0,1.0,0.0,0.0,0.0,0.0,0.0,0.0,0.0,1
0.0,3.1296167255e-07,0.000455050831467,0.0,0.0,0.0,0.0,0.0,0.0,0.0,0.0,0.0,0.0,0.041095890411,0.041095890411,0.0,0.0,0.0,0.0,1.0,0.0,0.0,1.0,1.0,1.0,0.0,0.0,0.0,0.0,0.0,0.0,0.0,1
0.0,3.17288331618e-07,0.000126855602634,0.0,0.0,0.0,0.0,0.0,0.0,0.0,0.0,0.0,0.0,0.119373776908,0.119373776908,0.0,0.0,0.0,0.0,1.0,0.0,0.0,1.0,1.0,1.0,0.0,0.0,0.0,0.0,0.0,0.0,0.0,1
0.0,3.1296167255e-07,0.000833290013632,0.0,0.0,0.0,0.0,0.0,0.0,0.0,0.0,0.0,0.0,0.00391389432485,0.00587084148728,0.0,0.0,0.0,0.0,1.0,0.0,0.67,0.0274509803922,1.0,1.0,0.0,0.14,0.01,0.0,0.0,0.0,0.0,1
0.0,4.44203664265e-07,0.00153021995287,0.0,0.0,0.0,0.0,0.0,0.0,0.0,0.0,0.0,0.0,0.00587084148728,0.00587084148728,0.0,0.0,0.0,0.0,1.0,0.0,0.0,0.0274509803922,1.0,1.0,0.0,0.14,0.02,0.0,0.0,0.0,0.0,1
0.0,4.86028035251e-07,8.59281834355e-05,0.0,0.0,0.0,0.0,0.0,0.0,0.0,0.0,0.0,0.0,0.00782778864971,0.00782778864971,0.0,0.0,0.0,0.0,1.0,0.0,0.0,0.0627450980392,1.0,1.0,0.0,0.06,0.03,0.0,0.0,0.0,0.0,1
0.0,4.1824370986e-07,0.000264961396327,0.0,0.0,0.0,0.0,0.0,0.0,0.0,0.0,0.0,0.0,0.00391389432485,0.00391389432485,0.0,0.0,0.0,0.0,1.0,0.0,0.0,0.0078431372549,1.0,1.0,0.0,0.5,0.03,0.0,0.0,0.0,0.0,1
0.0,4.19685929549e-07,0.000252741361211,0.0,0.0,0.0,0.0,0.0,0.0,0.0,0.0,0.0,0.0,0.00587084148728,0.00587084148728,0.0,0.0,0.0,0.0,1.0,0.0,0.0,0.203921568627,1.0,1.0,0.0,0.02,0.03,0.0,0.0,0.0,0.0,1
0.0,4.19685929549e-07,0.00244497686728,0.0,0.0,0.0,0.0,0.0,0.0,0.0,0.0,0.0,0.0,0.013698630137,0.0176125244618,0.0,0.0,0.0,0.0,1.0,0.0,0.22,0.243137254902,1.0,1.0,0.0,0.02,0.03,0.0,0.0,0.0,0.0,1
0.0,4.31223687062e-07,0.00244497686728,0.0,0.0,0.0,0.0,0.0,0.0,0.0,0.0,0.0,0.0,0.0176125244618,0.0430528375734,0.0,0.0,0.0,0.0,1.0,0.0,0.09,0.282352941176,1.0,1.0,0.0,0.01,0.03,0.0,0.0,0.0,0.0,1
0.0,4.38434785508e-07,0.000267870928498,0.0,0.0,0.0,0.0,0.0,0.0,0.0,0.0,0.0,0.0,0.00978473581213,0.00978473581213,0.0,0.0,0.0,0.0,1.0,0.0,0.0,0.360784313725,1.0,1.0,0.0,0.01,0.03,0.0,0.0,0.0,0.0,1
0.0,3.27383869442e-07,0.00336962619107,0.0,0.0,0.0,0.0,0.0,0.0,0.0,0.0,0.0,0.0,0.00782778864971,0.00782778864971,0.0,0.0,0.0,0.0,1.0,0.0,0.0,0.0156862745098,1.0,1.0,0.0,0.25,0.04,0.0,0.0,0.0,0.0,1
0.0,3.31710528509e-07,0.00658019795681,0.0,0.0,0.0,0.0,0.0,0.0,0.0,0.0,0.0,0.0,0.00587084148728,0.00587084148728,0.0,0.0,0.0,0.0,1.0,0.0,0.0,0.211764705882,1.0,1.0,0.0,0.02,0.04,0.0,0.0,0.0,0.0,1
0.0,3.34594967888e-07,0.00206033671434,0.0,0.0,0.0,0.0,0.0,0.0,0.0,0.0,0.0,0.0,0.00782778864971,0.00782778864971,0.0,0.0,0.0,0.0,1.0,0.0,0.0,0.447058823529,1.0,1.0,0.0,0.01,0.02,0.01,0.0,0.0,0.0,1
0.0,3.08635013483e-07,0.00394978690586,0.0,0.0,0.0,0.0,0.0,0.0,0.0,0.0,0.0,0.0,0.00782778864971,0.00782778864971,0.0,0.0,0.0,0.0,1.0,0.0,0.0,0.525490196078,1.0,1.0,0.0,0.01,0.01,0.01,0.0,0.0,0.0,1
0.0,3.05750574104e-07,0.00177597843688,0.0,0.0,0.0,0.0,0.0,0.0,0.0,0.0,0.0,0.0,0.0117416829746,0.0117416829746,0.17,0.17,0.0,0.0,1.0,0.0,0.0,0.8,1.0,1.0,0.0,0.0,0.01,0.01,0.01,0.0,0.0,1
0.0,3.02866134726e-07,0.00544586834794,0.0,0.0,0.0,0.0,0.0,0.0,0.0,0.0,0.0,0.0,0.0215264187867,0.0215264187867,0.0,0.0,0.0,0.0,1.0,0.0,0.0,0.878431372549,1.0,1.0,0.0,0.0,0.01,0.01,0.01,0.0,0.0,1
0.0,3.05750574104e-07,0.000232180667206,0.0,0.0,0.0,0.0,0.0,0.0,0.0,0.0,0.0,0.0,0.00195694716243,0.0117416829746,0.0,0.0,0.0,0.0,1.0,0.0,0.5,0.298039215686,1.0,1.0,0.0,0.01,0.01,0.0,0.01,0.0,0.0,1
0.0,3.73534899495e-07,0.00102997438836,0.0,0.0,0.0,0.0,0.0,0.0,0.0,0.0,0.0,0.0,0.00195694716243,0.00195694716243,0.0,0.0,0.0,0.0,1.0,0.0,0.0,0.454901960784,1.0,1.0,0.0,0.01,0.01,0.0,0.0,0.0,0.0,1
0.0,3.3026830882e-07,0.000232180667206,0.0,0.0,0.0,0.0,0.0,0.0,0.0,0.0,0.0,0.0,0.00782778864971,0.0156555772994,0.0,0.0,0.0,0.0,1.0,0.0,0.25,0.690196078431,1.0,1.0,0.0,0.01,0.01,0.0,0.0,0.0,0.0,1
0.0,2.85559498456e-07,9.0389466097e-05,0.0,0.0,0.0,0.0,0.0,0.0,0.0,0.0,0.0,0.0,0.00978473581213,0.00978473581213,0.0,0.0,0.0,0.0,1.0,0.0,0.0,0.0196078431373,1.0,1.0,0.0,0.2,0.05,0.0,0.0,0.0,0.0,1
0.0,5.30736845615e-07,0.000155369017905,0.0,0.0,0.0,0.0,0.0,0.0,0.0,0.0,0.0,0.0,0.00195694716243,0.0724070450098,0.0,0.0,0.0,0.0,1.0,0.0,0.11,0.117647058824,1.0,1.0,0.0,0.03,0.06,0.0,0.0,0.0,0.0,1
0.0,3.40363846645e-07,0.00681742181311,0.0,0.0,0.0,0.0,0.0,0.0,0.0,0.0,0.0,0.0,0.00391389432485,0.0606653620352,0.0,0.0,0.0,0.0,1.0,0.0,0.06,0.0078431372549,1.0,1.0,0.0,0.5,0.07,0.0,0.0,0.0,0.0,1
0.0,2.88443937834e-07,0.000791392750377,0.0,0.0,0.0,0.0,0.0,0.0,0.0,0.0,0.0,0.0,0.0117416829746,0.0195694716243,0.0,0.0,0.0,0.0,1.0,0.0,0.2,0.125490196078,1.0,1.0,0.0,0.03,0.07,0.0,0.0,0.0,0.0,1
0.0,4.47088103643e-07,0.00332365558277,0.0,0.0,0.0,0.0,0.0,0.0,0.0,0.0,0.0,0.0,0.00195694716243,0.00195694716243,0.0,0.0,0.0,0.0,1.0,0.0,0.0,0.674509803922,1.0,1.0,0.0,0.01,0.02,0.0,0.0,0.0,0.0,1
0.0,4.12474831103e-07,5.1789672635e-05,0.0,0.0,0.0,0.0,0.0,0.0,0.0,0.0,0.0,0.0,0.00782778864971,0.00782778864971,0.0,0.0,0.0,0.0,1.0,0.0,0.0,0.752941176471,1.0,1.0,0.0,0.01,0.02,0.0,0.0,0.0,0.0,1
0.0,3.37479407266e-07,0.000128795290748,0.0,0.0,0.0,0.0,0.0,0.0,0.0,0.0,0.0,0.0,0.0156555772994,0.0156555772994,0.0,0.0,0.0,0.0,1.0,0.0,0.0,0.870588235294,1.0,1.0,0.0,0.0,0.01,0.0,0.0,0.0,0.0,1
0.0,3.36037187577e-07,0.000121230507104,0.0,0.0,0.0,0.0,0.0,0.0,0.0,0.0,0.0,0.0,0.00782778864971,0.00782778864971,0.0,0.0,0.0,0.0,1.0,0.0,0.0,1.0,1.0,1.0,0.0,0.0,0.0,0.0,0.0,0.0,0.0,1
0.0,4.3555034613e-07,5.10137973895e-05,0.0,0.0,0.0,0.0,0.0,0.0,0.0,0.0,0.0,0.0,0.013698630137,0.013698630137,0.0,0.0,0.0,0.0,1.0,0.0,0.0,1.0,1.0,1.0,0.0,0.0,0.0,0.0,0.0,0.0,0.0,1
0.0,2.81232839388e-07,0.00037746330692,0.0,0.0,0.0,0.0,0.0,0.0,0.0,0.0,0.0,0.0,0.00587084148728,0.00587084148728,0.0,0.0,0.0,0.0,1.0,0.0,0.0,0.0117647058824,1.0,1.0,0.0,0.33,0.02,0.0,0.0,0.0,0.0,1
0.0,3.02866134726e-07,0.00118476149983,0.0,0.0,0.0,0.0,0.0,0.0,0.0,0.0,0.0,0.0,0.00587084148728,0.0176125244618,0.0,0.0,0.0,0.0,1.0,0.0,0.33,0.113725490196,1.0,1.0,0.0,0.03,0.02,0.0,0.0,0.0,0.0,1
0.0,3.02866134726e-07,4.75223587849e-05,0.0,0.0,0.0,0.0,0.0,0.0,0.0,0.0,0.0,0.0,0.0156555772994,0.0156555772994,0.0,0.0,0.0,0.0,1.0,0.0,0.0,0.0392156862745,1.0,1.0,0.0,0.1,0.03,0.0,0.0,0.0,0.0,1
0.0,3.24499430064e-07,0.00055339301883,0.0,0.0,0.0,0.0,0.0,0.0,0.0,0.0,0.0,0.0,0.0156555772994,0.0313111545988,0.0,0.0,0.0,0.0,1.0,0.0,0.19,0.078431372549,1.0,1.0,0.0,0.05,0.03,0.0,0.0,0.0,0.0,1
0.0,3.21614990685e-07,0.00032489775904,0.0,0.0,0.0,0.0,0.0,0.0,0.0,0.0,0.0,0.0,0.00587084148728,0.00587084148728,0.0,0.0,0.0,0.0,1.0,0.0,0.0,0.043137254902,1.0,1.0,0.0,0.09,0.04,0.0,0.0,0.0,0.0,1
0.0,2.10564074619e-07,0.00322414958254,0.0,0.0,0.0,0.0,0.0,0.0,0.0,0.0,0.0,0.0,0.00195694716243,0.00195694716243,0.0,0.0,0.0,0.0,1.0,0.0,0.0,0.160784313725,1.0,1.0,0.0,0.02,0.04,0.0,0.0,0.0,0.0,1
0.0,4.86028035251e-07,8.86437467947e-05,0.0,0.0,0.0,0.0,0.0,0.0,0.0,0.0,0.0,0.0,0.0195694716243,0.0195694716243,0.0,0.0,0.0,0.0,1.0,0.0,0.0,0.0392156862745,1.0,1.0,0.0,0.1,0.04,0.0,0.0,0.0,0.0,1
0.0,2.74021740943e-07,0.000194162780178,0.0,0.0,0.0,0.0,0.0,0.0,0.0,0.0,0.0,0.0,0.00978473581213,0.00978473581213,0.0,0.0,0.0,0.0,1.0,0.0,0.0,0.0941176470588,1.0,1.0,0.0,0.04,0.04,0.0,0.0,0.0,0.0,1
0.0,2.72579521253e-07,0.00040578275338,0.0,0.0,0.0,0.0,0.0,0.0,0.0,0.0,0.0,0.0,0.0293542074364,0.0293542074364,0.0,0.0,0.0,0.0,1.0,0.0,0.0,0.133333333333,1.0,1.0,0.0,0.03,0.04,0.0,0.0,0.0,0.0,1
0.0,3.41806066334e-07,0.00173020179739,0.0,0.0,0.0,0.0,0.0,0.0,0.0,0.0,0.0,0.0,0.00782778864971,0.00782778864971,0.0,0.0,0.0,0.0,1.0,0.0,0.0,0.0196078431373,1.0,1.0,0.0,0.2,0.04,0.0,0.0,0.0,0.0,1
0.0,3.08635013483e-07,0.000223258101883,0.0,0.0,0.0,0.0,0.0,0.0,0.0,0.0,0.0,0.0,0.0176125244618,0.0195694716243,0.0,0.0,0.0,0.0,1.0,0.0,0.2,0.0980392156863,1.0,1.0,0.0,0.04,0.04,0.0,0.0,0.0,0.0,1
0.0,3.18730551307e-07,0.000169334772323,0.0,0.0,0.0,0.0,0.0,0.0,0.0,0.0,0.0,0.0,0.00782778864971,0.00782778864971,0.0,0.0,0.0,0.0,1.0,0.0,0.0,0.0156862745098,1.0,1.0,0.0,0.25,0.05,0.0,0.0,0.0,0.0,1
0.0,2.88443937834e-07,0.00266959275084,0.0,0.0,0.0,0.0,0.0,0.0,0.0,0.0,0.0,0.0,0.00195694716243,0.00195694716243,0.0,0.0,0.0,0.0,1.0,0.0,0.0,0.0549019607843,1.0,1.0,0.0,0.07,0.04,0.0,0.0,0.0,0.0,1
0.0,3.54786043536e-07,7.39021171308e-05,0.0,0.0,0.0,0.0,0.0,0.0,0.0,0.0,0.0,0.0,0.0215264187867,0.0234833659491,0.0,0.0,0.0,0.0,1.0,0.0,0.17,0.164705882353,1.0,1.0,0.0,0.02,0.03,0.0,0.0,0.0,0.0,1
0.0,3.04308354415e-07,0.000464167365601,0.0,0.0,0.0,0.0,0.0,0.0,0.0,0.0,0.0,0.0,0.0195694716243,0.0195694716243,0.0,0.0,0.0,0.0,1.0,0.0,0.0,0.517647058824,1.0,1.0,0.0,0.01,0.02,0.0,0.0,0.0,0.0,1
0.0,4.15359270481e-07,0.000968486275155,0.0,0.0,0.0,0.0,0.0,0.0,0.0,0.0,0.0,0.0,0.0352250489237,0.0352250489237,0.0,0.0,0.0,0.0,1.0,0.0,0.0,0.674509803922,1.0,1.0,0.0,0.01,0.02,0.0,0.0,0.0,0.0,1
0.0,2.75463960632e-07,0.000117157162066,0.0,0.0,0.0,0.0,0.0,0.0,0.0,0.0,0.0,0.0,0.0117416829746,0.0117416829746,0.0,0.0,0.0,0.0,1.0,0.0,0.0,0.0235294117647,1.0,1.0,0.0,0.17,0.02,0.0,0.0,0.0,0.0,1
0.0,2.94212816591e-07,0.000244982608756,0.0,0.0,0.0,0.0,0.0,0.0,0.0,0.0,0.0,0.0,0.013698630137,0.0156555772994,0.0,0.0,0.0,0.0,1.0,0.0,0.25,0.219607843137,1.0,1.0,0.0,0.02,0.02,0.0,0.0,0.0,0.0,1
0.0,3.08635013483e-07,6.01303315237e-05,0.0,0.0,0.0,0.0,0.0,0.0,0.0,0.0,0.0,0.0,0.00587084148728,0.00587084148728,0.0,0.0,0.0,0.0,1.0,0.0,0.0,0.043137254902,1.0,1.0,0.0,0.09,0.03,0.0,0.0,0.0,0.0,1
0.0,3.07192793794e-07,0.000297160219014,0.0,0.0,0.0,0.0,0.0,0.0,0.0,0.0,0.0,0.0,0.013698630137,0.013698630137,0.0,0.0,0.0,0.0,1.0,0.0,0.0,0.0823529411765,1.0,1.0,0.0,0.05,0.03,0.0,0.0,0.0,0.0,1
0.0,2.82675059078e-07,0.000291923061107,0.0,0.0,0.0,0.0,0.0,0.0,0.0,0.0,0.0,0.0,0.0176125244618,0.0176125244618,0.0,0.0,0.0,0.0,1.0,0.0,0.0,0.0352941176471,1.0,1.0,0.0,0.11,0.04,0.0,0.0,0.0,0.0,1
0.0,2.7834840001e-07,0.000259142331986,0.0,0.0,0.0,0.0,0.0,0.0,0.0,0.0,0.0,0.0,0.00587084148728,0.00587084148728,0.0,0.0,0.0,0.0,1.0,0.0,0.0,0.23137254902,1.0,1.0,0.0,0.02,0.03,0.0,0.0,0.0,0.0,1
0.0,3.08635013483e-07,0.00106605258727,0.0,0.0,0.0,0.0,0.0,0.0,0.0,0.0,0.0,0.0,0.013698630137,0.013698630137,0.0,0.0,0.0,0.0,1.0,0.0,0.0,0.0862745098039,1.0,1.0,0.0,0.05,0.04,0.0,0.0,0.0,0.0,1
0.0,4.67279179292e-07,0.000859863740789,0.0,0.0,0.0,0.0,0.0,0.0,0.0,0.0,0.0,0.0,0.0293542074364,0.0293542074364,0.0,0.0,0.0,0.0,1.0,0.0,0.0,0.203921568627,1.0,1.0,0.0,0.02,0.04,0.0,0.0,0.0,0.0,1
0.0,3.67766020739e-07,0.000212783786069,0.0,0.0,0.0,0.0,0.0,0.0,0.0,0.0,0.0,0.0,0.00391389432485,0.00391389432485,0.0,0.0,0.0,0.0,1.0,0.0,0.0,0.0313725490196,1.0,1.0,0.0,0.12,0.05,0.0,0.0,0.0,0.0,1
0.0,4.68721398981e-07,0.00487113875986,0.0,0.0,0.0,0.0,0.0,0.0,0.0,0.0,0.0,0.0,0.0117416829746,0.0547945205479,0.0,0.0,0.0,0.0,1.0,0.0,0.07,0.0705882352941,1.0,1.0,0.0,0.06,0.04,0.0,0.0,0.0,0.0,1
0.0,3.50459384469e-07,0.000100863781911,0.0,0.0,0.0,0.0,0.0,0.0,0.0,0.0,0.0,0.0,0.00587084148728,0.00782778864971,0.0,0.0,0.0,0.0,1.0,0.0,0.5,0.0117647058824,1.0,1.0,0.0,0.33,0.05,0.0,0.0,0.0,0.0,1
0.0,4.1824370986e-07,0.00447796397922,0.0,0.0,0.0,0.0,0.0,0.0,0.0,0.0,0.0,0.0,0.00195694716243,0.00391389432485,0.0,0.0,0.0,0.0,1.0,0.0,1.0,0.0078431372549,1.0,1.0,0.0,0.5,0.05,0.0,0.0,0.0,0.0,1
0.0,3.34594967888e-07,0.00188983812915,0.0,0.0,0.0,0.0,0.0,0.0,0.0,0.0,0.0,0.0,0.00195694716243,0.00391389432485,0.0,0.0,0.0,0.0,1.0,0.0,1.0,0.0196078431373,1.0,1.0,0.0,0.2,0.07,0.0,0.0,0.0,0.0,1
0.0,2.88443937834e-07,1.41597232298e-05,0.0,0.0,0.0,0.0,0.0,0.0,0.0,0.0,0.0,0.0,0.00391389432485,0.00782778864971,0.0,0.0,0.0,0.0,1.0,0.0,0.75,0.0980392156863,1.0,1.0,0.0,0.04,0.06,0.0,0.0,0.0,0.0,1
0.0,2.06237415552e-07,0.00188983812915,0.0,0.0,0.0,0.0,0.0,0.0,0.0,0.0,0.0,0.0,0.00195694716243,0.013698630137,0.0,0.0,0.0,0.0,1.0,0.0,0.43,0.137254901961,1.0,1.0,0.0,0.03,0.06,0.0,0.0,0.0,0.0,1
0.0,2.07679635241e-07,0.00188983812915,0.0,0.0,0.0,0.0,0.0,0.0,0.0,0.0,0.0,0.0,0.00195694716243,0.0117416829746,0.0,0.0,0.0,0.0,1.0,0.0,0.5,0.21568627451,1.0,1.0,0.0,0.02,0.06,0.0,0.0,0.0,0.0,1
0.0,3.23057210374e-07,0.000647661861154,0.0,0.0,0.0,0.0,0.0,0.0,0.0,0.0,0.0,0.0,0.00587084148728,0.00978473581213,0.0,0.0,0.0,0.0,1.0,0.0,0.6,0.411764705882,1.0,1.0,0.0,0.01,0.06,0.0,0.0,0.0,0.0,1
0.0,2.07679635241e-07,0.00188983812915,0.0,0.0,0.0,0.0,0.0,0.0,0.0,0.0,0.0,0.0,0.00195694716243,0.0117416829746,0.0,0.0,0.0,0.0,1.0,0.0,0.33,0.450980392157,1.0,1.0,0.0,0.01,0.05,0.0,0.0,0.0,0.0,1
0.0,4.73048058048e-07,0.000302979283355,0.0,0.0,0.0,0.0,0.0,0.0,0.0,0.0,0.0,0.0,0.0391389432485,0.0606653620352,0.0,0.0,0.0,0.0,1.0,0.0,0.1,0.172549019608,1.0,1.0,0.0,0.02,0.05,0.0,0.0,0.0,0.0,1
0.0,3.95168194833e-07,0.000939003015827,0.0,0.0,0.0,0.0,0.0,0.0,0.0,0.0,0.0,0.0,0.00587084148728,0.00782778864971,0.0,0.0,0.0,0.0,1.0,0.0,0.5,0.0117647058824,1.0,1.0,0.0,0.33,0.04,0.0,0.0,0.0,0.0,1
0.0,3.96610414522e-07,0.000101833625968,0.0,0.0,0.0,0.0,0.0,0.0,0.0,0.0,0.0,0.0,0.00587084148728,0.00782778864971,0.0,0.0,0.0,0.0,1.0,0.0,0.5,0.129411764706,1.0,1.0,0.0,0.03,0.04,0.0,0.0,0.0,0.0,1
0.0,2.91328377213e-07,0.00186016090101,0.0,0.0,0.0,0.0,0.0,0.0,0.0,0.0,0.0,0.0,0.00195694716243,0.00391389432485,0.0,0.0,0.0,0.0,1.0,0.0,1.0,0.247058823529,1.0,1.0,0.0,0.02,0.04,0.0,0.0,0.0,0.0,1
0.0,3.01423915037e-07,0.00059606615733,0.0,0.0,0.0,0.0,0.0,0.0,0.0,0.0,0.0,0.0,0.00587084148728,0.013698630137,0.0,0.0,0.0,0.0,1.0,0.0,0.43,0.443137254902,1.0,1.0,0.0,0.01,0.03,0.0,0.0,0.0,0.0,1
0.0,4.49972543022e-07,0.0012268527319,0.0,0.0,0.0,0.0,0.0,0.0,0.0,0.0,0.0,0.0,0.00587084148728,0.00587084148728,0.0,0.0,0.0,0.0,1.0,0.0,0.0,0.560784313725,1.0,1.0,0.0,0.01,0.03,0.0,0.0,0.0,0.0,1
0.0,3.50459384469e-07,0.00214083377106,0.0,0.0,0.0,0.0,0.0,0.0,0.0,0.0,0.0,0.0,0.00195694716243,0.00391389432485,0.0,0.0,0.0,0.0,1.0,0.0,1.0,0.639215686275,1.0,1.0,0.0,0.01,0.03,0.0,0.0,0.0,0.0,1
0.0,4.28339247684e-07,0.00059606615733,0.0,0.0,0.0,0.0,0.0,0.0,0.0,0.0,0.0,0.0,0.00391389432485,0.00587084148728,0.0,0.0,0.0,0.0,1.0,0.0,0.67,0.913725490196,1.0,1.0,0.0,0.0,0.03,0.0,0.0,0.0,0.0,1
0.0,4.71605838359e-07,0.000434878075085,0.0,0.0,0.0,0.0,0.0,0.0,0.0,0.0,0.0,0.0,0.013698630137,0.013698630137,0.0,0.0,0.0,0.0,1.0,0.0,0.0,0.0274509803922,1.0,1.0,0.0,0.14,0.03,0.0,0.0,0.0,0.0,1
0.0,4.45645883954e-07,8.43764329446e-05,0.0,0.0,0.0,0.0,0.0,0.0,0.0,0.0,0.0,0.0,0.0489236790607,0.0489236790607,0.0,0.0,0.0,0.0,1.0,0.0,0.0,0.380392156863,1.0,1.0,0.0,0.01,0.03,0.01,0.0,0.0,0.0,1
0.0,2.22101832132e-07,0.00365223874923,0.0,0.0,0.0,0.0,0.0,0.0,0.0,0.0,0.0,0.0,0.00195694716243,0.00391389432485,0.0,0.0,0.0,0.0,1.0,0.0,1.0,0.850980392157,1.0,1.0,0.0,0.0,0.03,0.0,0.0,0.0,0.0,1
0.0,3.17288331618e-07,0.000368346772786,0.0,0.0,0.0,0.0,0.0,0.0,0.0,0.0,0.0,0.0,0.00782778864971,0.00782778864971,0.0,0.0,0.0,0.0,1.0,0.0,0.0,0.0156862745098,1.0,1.0,0.0,0.25,0.01,0.0,0.0,0.0,0.0,1
0.0,2.30755150267e-07,0.00078188827862,0.0,0.0,0.0,0.0,0.0,0.0,0.0,0.0,0.0,0.0,0.027397260274,0.027397260274,0.0,0.0,0.0,0.0,1.0,0.0,0.0,0.0549019607843,1.0,1.0,0.0,0.07,0.01,0.0,0.0,0.0,0.0,1
0.0,2.94212816591e-07,0.00029657831258,0.0,0.0,0.0,0.0,0.0,0.0,0.0,0.0,0.0,0.0,0.0195694716243,0.0215264187867,0.0,0.0,0.0,0.0,1.0,0.0,0.18,0.0941176470588,1.0,1.0,0.0,0.04,0.01,0.0,0.0,0.0,0.0,1
0.0,2.66810642497e-07,0.000231210823149,0.0,0.0,0.0,0.0,0.0,0.0,0.0,0.0,0.0,0.0,0.0117416829746,0.0117416829746,0.0,0.0,0.0,0.0,1.0,0.0,0.0,0.0235294117647,1.0,1.0,0.0,0.17,0.02,0.0,0.0,0.0,0.0,1
0.0,3.69208240428e-07,0.0022610944341,0.0,0.0,0.0,0.0,0.0,0.0,0.0,0.0,0.0,0.0,0.00978473581213,0.00978473581213,0.0,0.0,0.0,0.0,1.0,0.0,0.0,0.0823529411765,1.0,1.0,0.0,0.05,0.02,0.0,0.0,0.0,0.0,1
0.0,5.0477689121e-07,0.000285328121521,0.0,0.0,0.0,0.0,0.0,0.0,0.0,0.0,0.0,0.0,0.00587084148728,0.00587084148728,0.0,0.0,0.0,0.0,1.0,0.0,0.0,0.121568627451,1.0,1.0,0.0,0.03,0.02,0.0,0.0,0.0,0.0,1
0.0,5.03334671521e-07,0.00102881057549,0.0,0.0,0.0,0.0,0.0,0.0,0.0,0.0,0.0,0.0,0.00587084148728,0.00587084148728,0.0,0.0,0.0,0.0,1.0,0.0,0.0,0.160784313725,1.0,1.0,0.0,0.02,0.02,0.0,0.0,0.0,0.0,1
0.0,4.60068080846e-07,0.000645334235418,0.0,0.0,0.0,0.0,0.0,0.0,0.0,0.0,0.0,0.0,0.00195694716243,0.00195694716243,0.0,0.0,0.0,0.0,1.0,0.0,0.0,0.0470588235294,1.0,1.0,0.0,0.08,0.03,0.0,0.0,0.0,0.0,1
0.0,4.64394739913e-07,0.00153933648701,0.0,0.0,0.0,0.0,0.0,0.0,0.0,0.0,0.0,0.0,0.00195694716243,0.00195694716243,0.0,0.0,0.0,0.0,1.0,0.0,0.0,0.0862745098039,1.0,1.0,0.0,0.05,0.03,0.0,0.0,0.0,0.0,1
0.0,4.8747025494e-07,0.0010681862442,0.0,0.0,0.0,0.0,0.0,0.0,0.0,0.0,0.0,0.0,0.00587084148728,0.00587084148728,0.0,0.0,0.0,0.0,1.0,0.0,0.0,0.145098039216,1.0,1.0,0.0,0.03,0.03,0.0,0.0,0.0,0.0,1
0.0,3.72092679806e-07,0.000300263719996,0.0,0.0,0.0,0.0,0.0,0.0,0.0,0.0,0.0,0.0,0.0215264187867,0.0234833659491,0.0,0.0,0.0,0.0,1.0,0.0,0.17,0.078431372549,1.0,1.0,0.0,0.05,0.04,0.0,0.0,0.0,0.0,1
0.0,3.18730551307e-07,0.000432162511725,0.0,0.0,0.0,0.0,0.0,0.0,0.0,0.0,0.0,0.0,0.0156555772994,0.0156555772994,0.0,0.0,0.0,0.0,1.0,0.0,0.0,0.0313725490196,1.0,1.0,0.0,0.12,0.04,0.0,0.0,0.0,0.0,1
0.0,4.28339247684e-07,0.000235090199377,0.0,0.0,0.0,0.0,0.0,0.0,0.0,0.0,0.0,0.0,0.013698630137,0.013698630137,0.0,0.0,0.0,0.0,1.0,0.0,0.0,0.0274509803922,1.0,1.0,0.0,0.14,0.04,0.0,0.0,0.0,0.0,1
0.0,5.01892451832e-07,0.000245370546379,0.0,0.0,0.0,0.0,0.0,0.0,0.0,0.0,0.0,0.0,0.00587084148728,0.00587084148728,0.0,0.0,0.0,0.0,1.0,0.0,0.0,0.0666666666667,1.0,1.0,0.0,0.06,0.04,0.0,0.0,0.0,0.0,1
0.0,4.93239133697e-07,0.000250801673097,0.0,0.0,0.0,0.0,0.0,0.0,0.0,0.0,0.0,0.0,0.0391389432485,0.0391389432485,0.0,0.0,0.0,0.0,1.0,0.0,0.0,0.223529411765,1.0,1.0,0.0,0.02,0.04,0.0,0.0,0.0,0.0,1
0.0,4.57183641467e-07,9.50447175698e-05,0.0,0.0,0.0,0.0,0.0,0.0,0.0,0.0,0.0,0.0,0.00195694716243,0.0567514677104,0.0,0.0,0.0,0.0,1.0,0.0,0.07,0.0666666666667,1.0,1.0,0.0,0.06,0.04,0.0,0.0,0.0,0.0,1
0.0,3.3026830882e-07,0.000368734710408,0.0,0.0,0.0,0.0,0.0,0.0,0.0,0.0,0.0,0.0,0.00978473581213,0.00978473581213,0.0,0.0,0.0,0.0,1.0,0.0,0.0,0.0196078431373,1.0,1.0,0.0,0.2,0.04,0.0,0.0,0.0,0.0,1
0.0,3.4757494509e-07,0.000560763833662,0.0,0.0,0.0,0.0,0.0,0.0,0.0,0.0,0.0,0.0,0.00391389432485,0.00391389432485,0.0,0.0,0.0,0.0,1.0,0.0,0.0,0.0588235294118,1.0,1.0,0.0,0.07,0.04,0.0,0.0,0.0,0.0,1
0.0,4.73048058048e-07,0.000137523887259,0.0,0.0,0.0,0.0,0.0,0.0,0.0,0.0,0.0,0.0,0.0352250489237,0.0391389432485,0.0,0.0,0.0,0.0,1.0,0.0,0.15,0.0705882352941,1.0,1.0,0.0,0.06,0.05,0.0,0.0,0.0,0.0,1
0.0,4.22570368927e-07,0.00105034111355,0.0,0.0,0.0,0.0,0.0,0.0,0.0,0.0,0.0,0.0,0.0215264187867,0.0215264187867,0.0,0.0,0.0,0.0,1.0,0.0,0.0,0.188235294118,1.0,1.0,0.0,0.02,0.04,0.0,0.0,0.0,0.0,1
0.0,2.30755150267e-07,1.84270370799e-05,0.0,0.0,0.0,0.0,0.0,0.0,0.0,0.0,0.0,0.0,0.00195694716243,0.00195694716243,0.0,0.0,0.0,0.0,1.0,0.0,0.0,0.00392156862745,1.0,1.0,0.0,1.0,0.05,0.0,0.0,0.0,0.0,1
0.0,5.10545769967e-07,0.000581324527667,0.0,0.0,0.0,0.0,0.0,0.0,0.0,0.0,0.0,0.0,0.00391389432485,0.0763209393346,0.0,0.0,0.0,0.0,1.0,0.0,0.1,0.0196078431373,1.0,1.0,0.0,0.2,0.06,0.0,0.0,0.0,0.0,1
0.0,4.49972543022e-07,0.000320048538755,0.0,0.0,0.0,0.0,0.0,0.0,0.0,0.0,0.0,0.0,0.00391389432485,0.0665362035225,0.0,0.0,0.0,0.0,1.0,0.0,0.09,0.647058823529,1.0,1.0,0.0,0.01,0.03,0.0,0.0,0.0,0.0,1
0.0,4.26897027995e-07,6.16820820147e-05,0.0,0.0,0.0,0.0,0.0,0.0,0.0,0.0,0.0,0.0,0.0156555772994,0.0958904109589,0.0,0.0,0.0,0.0,1.0,0.0,0.08,0.686274509804,1.0,1.0,0.0,0.01,0.03,0.0,0.0,0.0,0.0,1
0.0,3.63439361671e-07,0.00208652250387,0.0,0.0,0.0,0.0,0.0,0.0,0.0,0.0,0.0,0.0,0.00195694716243,0.0587084148728,0.0,0.0,0.0,0.0,1.0,0.0,0.1,0.0509803921569,1.0,1.0,0.0,0.08,0.04,0.0,0.0,0.0,0.0,1
0.0,4.68721398981e-07,0.00208652250387,0.0,0.0,0.0,0.0,0.0,0.0,0.0,0.0,0.0,0.0,0.00195694716243,0.00195694716243,0.0,0.0,0.0,0.0,1.0,0.0,0.0,0.0901960784314,1.0,1.0,0.0,0.04,0.04,0.0,0.0,0.0,0.0,1
0.0,4.3555034613e-07,0.000834841764123,0.0,0.0,0.0,0.0,0.0,0.0,0.0,0.0,0.0,0.0,0.0195694716243,0.0195694716243,0.0,0.0,0.0,0.0,1.0,0.0,0.0,0.0392156862745,0.858823529412,1.0,0.0,0.1,0.03,0.0,0.0,0.0,0.0,1
0.0,4.32665906751e-07,0.000225197789997,0.0,0.0,0.0,0.0,0.0,0.0,0.0,0.0,0.0,0.0,0.0156555772994,0.0489236790607,0.0,0.0,0.0,0.0,1.0,0.0,0.08,0.117647058824,0.858823529412,1.0,0.0,0.03,0.03,0.0,0.0,0.0,0.0,1
0.0,5.30736845615e-07,0.000185434183667,0.0,0.0,0.0,0.0,0.0,0.0,0.0,0.0,0.0,0.0,0.0450097847358,0.0587084148728,0.0,0.0,0.0,0.0,1.0,0.0,0.1,0.627450980392,0.858823529412,1.0,0.0,0.01,0.03,0.0,0.0,0.0,0.0,1
0.0,5.11987989656e-07,9.54326551925e-05,0.0,0.0,0.0,0.0,0.0,0.0,0.0,0.0,0.0,0.0,0.0645792563601,0.0841487279843,0.0,0.0,0.0,0.0,1.0,0.0,0.09,0.666666666667,0.858823529412,1.0,0.0,0.01,0.03,0.0,0.0,0.0,0.0,1
0.0,4.08148172036e-07,7.02167097148e-05,0.0,0.0,0.0,0.0,0.0,0.0,0.0,0.0,0.0,0.0,0.0391389432485,0.0782778864971,0.0,0.03,0.0,0.0,1.0,0.0,0.1,1.0,1.0,1.0,0.0,0.0,0.0,0.0,0.0,0.0,0.0,1
0.0,4.54299202089e-07,8.8837715606e-05,0.0,0.0,0.0,0.0,0.0,0.0,0.0,0.0,0.0,0.0,0.0450097847358,0.0587084148728,0.0,0.0,0.0,0.0,1.0,0.0,0.13,1.0,1.0,1.0,0.0,0.0,0.0,0.0,0.0,0.0,0.0,1
0.0,4.36992565819e-07,9.91180626085e-05,0.0,0.0,0.0,0.0,0.0,0.0,0.0,0.0,0.0,0.0,0.0430528375734,0.0469667318982,0.0,0.0,0.0,0.0,1.0,0.0,0.12,1.0,1.0,1.0,0.0,0.0,0.0,0.0,0.0,0.0,0.0,1
0.0,4.39877005197e-07,0.000100087906665,0.0,0.0,0.0,0.0,0.0,0.0,0.0,0.0,0.0,0.0,0.0215264187867,0.0234833659491,0.0,0.0,0.0,0.0,1.0,0.0,0.17,1.0,1.0,1.0,0.0,0.0,0.0,0.0,0.0,0.0,0.0,1
0.0,4.39877005197e-07,0.000429834885989,0.0,0.0,0.0,0.0,0.0,0.0,0.0,0.0,0.0,0.0,0.041095890411,0.0450097847358,0.0,0.0,0.0,0.0,1.0,0.0,0.13,1.0,1.0,1.0,0.0,0.0,0.0,0.0,0.0,0.0,0.0,1
0.0,4.39877005197e-07,8.8837715606e-05,0.0,0.0,0.0,0.0,0.0,0.0,0.0,0.0,0.0,0.0,0.0606653620352,0.0724070450098,0.0,0.0,0.0,0.0,1.0,0.0,0.11,1.0,1.0,1.0,0.0,0.0,0.0,0.0,0.0,0.0,0.0,1
0.0,3.50459384469e-07,0.000295996406146,0.0,0.0,0.0,0.0,0.0,0.0,0.0,0.0,0.0,0.0,0.00587084148728,0.00587084148728,0.0,0.0,0.0,0.0,1.0,0.0,0.0,1.0,1.0,1.0,0.0,0.0,0.0,0.0,0.0,0.0,0.0,1
0.0,3.33152748199e-07,0.000111144128913,0.0,0.0,0.0,0.0,0.0,0.0,0.0,0.0,0.0,0.0,0.0254403131115,0.027397260274,0.0,0.0,0.0,0.0,1.0,0.0,0.14,1.0,1.0,1.0,0.0,0.0,0.0,0.0,0.0,0.0,0.0,1
0.0,2.99981695348e-07,0.000270586491857,0.0,0.0,0.0,0.0,0.0,0.0,0.0,0.0,0.0,0.0,0.0489236790607,0.0528375733855,0.0,0.0,0.0,0.0,1.0,0.0,0.07,1.0,1.0,1.0,0.0,0.0,0.0,0.0,0.0,0.0,0.0,1
0.0,3.76419338874e-07,0.000118708912557,0.0,0.0,0.0,0.0,0.0,0.0,0.0,0.0,0.0,0.0,0.00587084148728,0.00978473581213,0.0,0.0,0.0,0.0,1.0,0.0,0.6,1.0,1.0,1.0,0.0,0.0,0.0,0.0,0.0,0.0,0.0,1
0.0,3.23057210374e-07,0.000322764102114,0.0,0.0,0.0,0.0,0.0,0.0,0.0,0.0,0.0,0.0,0.0665362035225,0.0724070450098,0.0,0.0,0.0,0.0,1.0,0.0,0.08,1.0,1.0,1.0,0.0,0.0,0.0,0.0,0.0,0.0,0.0,1
0.0,4.68721398981e-07,0.000202503439067,0.0,0.0,0.0,0.0,0.0,0.0,0.0,0.0,0.0,0.0,0.0156555772994,0.0156555772994,0.0,0.0,0.0,0.0,1.0,0.0,0.0,1.0,1.0,1.0,0.0,0.0,0.0,0.0,0.0,0.0,0.0,1
0.0,3.05750574104e-07,5.68328617305e-05,0.0,0.0,0.0,0.0,0.0,0.0,0.0,0.0,0.0,0.0,0.00391389432485,0.00587084148728,0.0,0.0,0.0,0.0,1.0,0.0,0.67,1.0,1.0,1.0,0.0,0.0,0.0,0.0,0.0,0.0,0.0,1
0.0,3.11519452861e-07,0.000834841764123,0.0,0.0,0.0,0.0,0.0,0.0,0.0,0.0,0.0,0.0,0.0156555772994,0.0156555772994,0.0,0.0,0.0,0.0,1.0,0.0,0.0,1.0,1.0,1.0,0.0,0.0,0.0,0.0,0.0,0.0,0.0,1
0.0,3.63439361671e-07,0.00225527536976,0.0,0.0,0.0,0.0,0.0,0.0,0.0,0.0,0.0,0.0,0.00195694716243,0.00195694716243,0.0,0.0,0.0,0.0,1.0,0.0,0.0,1.0,1.0,1.0,0.0,0.0,0.0,0.0,0.0,0.0,0.0,1
0.0,3.21614990685e-07,0.000298324031882,0.0,0.0,0.0,0.0,0.0,0.0,0.0,0.0,0.0,0.0,0.027397260274,0.0293542074364,0.0,0.0,0.0,0.0,1.0,0.0,0.13,1.0,1.0,1.0,0.0,0.0,0.0,0.0,0.0,0.0,0.0,1
0.0,2.89886157524e-07,0.000111532066536,0.0,0.0,0.0,0.0,0.0,0.0,0.0,0.0,0.0,0.0,0.0156555772994,0.0254403131115,0.0,0.0,0.0,0.0,1.0,0.0,0.23,1.0,1.0,1.0,0.0,0.0,0.0,0.0,0.0,0.0,0.0,1
0.0,2.92770596902e-07,9.38809047016e-05,0.0,0.0,0.0,0.0,0.0,0.0,0.0,0.0,0.0,0.0,0.00195694716243,0.0117416829746,0.0,0.0,0.0,0.0,1.0,0.0,0.67,1.0,1.0,1.0,0.0,0.0,0.0,0.0,0.0,0.0,0.0,1
0.0,4.29781467373e-07,0.000121424475916,0.0,0.0,0.0,0.0,0.0,0.0,0.0,0.0,0.0,0.0,0.0117416829746,0.013698630137,0.0,0.0,0.0,0.0,1.0,0.0,0.29,1.0,1.0,1.0,0.0,0.0,0.0,0.0,0.0,0.0,0.0,1
0.0,4.21128149238e-07,0.000130153072427,0.0,0.0,0.0,0.0,0.0,0.0,0.0,0.0,0.0,0.0,0.0528375733855,0.0665362035225,0.0,0.0,0.0,0.0,1.0,0.0,0.09,1.0,1.0,1.0,0.0,0.0,0.0,0.0,0.0,0.0,0.0,1
0.0,4.73048058048e-07,0.000114441598706,0.0,0.0,0.0,0.0,0.0,0.0,0.0,0.0,0.0,0.0,0.00195694716243,0.00195694716243,0.0,0.0,0.0,0.0,1.0,0.0,0.0,1.0,1.0,1.0,0.0,0.0,0.0,0.0,0.0,0.0,0.0,1
0.0,3.15846111929e-07,7.8751337415e-05,0.0,0.0,0.0,0.0,0.0,0.0,0.0,0.0,0.0,0.0,0.0195694716243,0.0332681017613,0.0,0.0,0.0,0.0,1.0,0.0,0.18,1.0,1.0,1.0,0.0,0.0,0.0,0.0,0.0,0.0,0.0,1
0.0,4.54299202089e-07,9.54326551925e-05,0.0,0.0,0.0,0.0,0.0,0.0,0.0,0.0,0.0,0.0,0.0508806262231,0.0645792563601,0.0,0.0,0.0,0.0,1.0,0.0,0.12,1.0,1.0,1.0,0.0,0.0,0.0,0.0,0.0,0.0,0.0,1
0.0,4.15359270481e-07,0.000105906971006,0.0,0.0,0.0,0.0,0.0,0.0,0.0,0.0,0.0,0.0,0.0234833659491,0.0391389432485,0.0,0.0,0.0,0.0,1.0,0.0,0.15,1.0,1.0,1.0,0.0,0.0,0.0,0.0,0.0,0.0,0.0,1
0.0,4.34108126441e-07,0.000100087906665,0.0,0.0,0.0,0.0,0.0,0.0,0.0,0.0,0.0,0.0,0.0293542074364,0.0332681017613,0.0,0.0,0.0,0.0,1.0,0.0,0.18,1.0,1.0,1.0,0.0,0.0,0.0,0.0,0.0,0.0,0.0,1
0.0,4.55741421778e-07,0.000275823649764,0.0,0.0,0.0,0.0,0.0,0.0,0.0,0.0,0.0,0.0,0.0489236790607,0.0528375733855,0.0,0.0,0.0,0.0,1.0,0.0,0.11,1.0,1.0,1.0,0.0,0.0,0.0,0.0,0.0,0.0,0.0,1
0.0,4.45645883954e-07,9.05834349083e-05,0.0,0.0,0.0,0.0,0.0,0.0,0.0,0.0,0.0,0.0,0.0684931506849,0.0763209393346,0.0,0.0,0.0,0.0,1.0,0.0,0.08,1.0,1.0,1.0,0.0,0.0,0.0,0.0,0.0,0.0,0.0,1
0.0,4.34108126441e-07,8.8837715606e-05,0.0,0.0,0.0,0.0,0.0,0.0,0.0,0.0,0.0,0.0,0.0880626223092,0.0978473581213,0.0,0.0,0.0,0.0,1.0,0.0,0.08,1.0,1.0,1.0,0.0,0.0,0.0,0.0,0.0,0.0,0.0,1
0.0,2.84117278767e-07,0.000243624827077,0.0,0.0,0.0,0.0,0.0,0.0,0.0,0.0,0.0,0.0,0.00978473581213,0.0293542074364,0.0,0.0,0.0,0.0,1.0,0.0,0.2,0.0901960784314,1.0,1.0,0.0,0.04,0.01,0.0,0.0,0.0,0.0,1
0.0,4.22570368927e-07,0.00059742393901,0.0,0.0,0.0,0.0,0.0,0.0,0.0,0.0,0.0,0.0,0.0254403131115,0.0724070450098,0.0,0.0,0.0,0.0,1.0,0.0,0.14,0.521568627451,1.0,1.0,0.0,0.01,0.01,0.01,0.0,0.0,0.0,1
0.0,4.12474831103e-07,0.000145670577337,0.0,0.0,0.0,0.0,0.0,0.0,0.0,0.0,0.0,0.0,0.0176125244618,0.0547945205479,0.0,0.0,0.0,0.0,1.0,0.0,0.11,0.835294117647,1.0,1.0,0.0,0.0,0.01,0.0,0.0,0.0,0.0,1
0.0,4.12474831103e-07,0.000163709676794,0.0,0.0,0.0,0.0,0.0,0.0,0.0,0.0,0.0,0.0,0.0215264187867,0.0763209393346,0.0,0.0,0.0,0.0,1.0,0.0,0.1,0.913725490196,1.0,1.0,0.0,0.0,0.01,0.0,0.0,0.0,0.0,1
0.0,4.08148172036e-07,7.95272126604e-05,0.0,0.0,0.0,0.0,0.0,0.0,0.0,0.0,0.0,0.0,0.00587084148728,0.0547945205479,0.0,0.0,0.0,0.0,1.0,0.0,0.18,0.952941176471,1.0,1.0,0.0,0.0,0.01,0.0,0.0,0.0,0.0,1
0.0,4.22570368927e-07,0.00059742393901,0.0,0.0,0.0,0.0,0.0,0.0,0.0,0.0,0.0,0.0,0.0254403131115,0.0978473581213,0.0,0.0,0.0,0.0,1.0,0.0,0.1,0.992156862745,1.0,1.0,0.0,0.0,0.01,0.0,0.0,0.0,0.0,1
0.0,2.98539475659e-07,0.00336594078365,0.0,0.0,0.0,0.0,0.0,0.0,0.0,0.0,0.0,0.0,0.00782778864971,0.0117416829746,0.0,0.0,0.0,0.0,1.0,0.0,0.5,0.0196078431373,1.0,1.0,0.0,0.2,0.01,0.0,0.0,0.0,0.0,1
0.0,3.20172770996e-07,0.000237805762736,0.0,0.0,0.0,0.0,0.0,0.0,0.0,0.0,0.0,0.0,0.0156555772994,0.0156555772994,0.0,0.0,0.0,0.0,1.0,0.0,0.0,0.180392156863,1.0,1.0,0.0,0.02,0.02,0.0,0.0,0.0,0.0,1
0.0,3.23057210374e-07,0.000133838479843,0.0,0.0,0.0,0.0,0.0,0.0,0.0,0.0,0.0,0.0,0.0117416829746,0.0117416829746,0.0,0.0,0.0,0.0,1.0,0.0,0.0,0.0235294117647,1.0,1.0,0.0,0.17,0.02,0.0,0.0,0.0,0.0,1
0.0,2.39408468402e-07,0.00269597250919,0.0,0.0,0.0,0.0,0.0,0.0,0.0,0.0,0.0,0.0,0.0313111545988,0.0313111545988,0.0,0.0,0.0,0.0,1.0,0.0,0.0,0.0627450980392,1.0,1.0,0.0,0.06,0.02,0.0,0.0,0.0,0.0,1
0.0,3.69208240428e-07,0.000300069751185,0.0,0.0,0.0,0.0,0.0,0.0,0.0,0.0,0.0,0.0,0.0391389432485,0.0391389432485,0.0,0.0,0.0,0.0,1.0,0.0,0.0,0.180392156863,1.0,1.0,0.0,0.02,0.02,0.0,0.0,0.0,0.0,1
0.0,4.21128149238e-07,0.00166696796489,0.0,0.0,0.0,0.0,0.0,0.0,0.0,0.0,0.0,0.0,0.00587084148728,0.00587084148728,0.0,0.0,0.0,0.0,1.0,0.0,0.0,0.0117647058824,1.0,1.0,0.0,0.33,0.03,0.0,0.0,0.0,0.0,1
0.0,4.51414762711e-07,0.000105906971006,0.0,0.0,0.0,0.0,0.0,0.0,0.0,0.0,0.0,0.0,0.0156555772994,0.0156555772994,0.0,0.0,0.0,0.0,1.0,0.0,0.0,0.0313725490196,1.0,1.0,0.0,0.12,0.04,0.0,0.0,0.0,0.0,1
0.0,4.49972543022e-07,7.79754621695e-05,0.0,0.0,0.0,0.0,0.0,0.0,0.0,0.0,0.0,0.0,0.0352250489237,0.0352250489237,0.0,0.0,0.0,0.0,1.0,0.0,0.0,0.0705882352941,1.0,1.0,0.0,0.06,0.04,0.0,0.0,0.0,0.0,1
0.0,4.39877005197e-07,0.000290177341805,0.0,0.0,0.0,0.0,0.0,0.0,0.0,0.0,0.0,0.0,0.00587084148728,0.00587084148728,0.0,0.0,0.0,0.0,1.0,0.0,0.0,0.0117647058824,1.0,1.0,0.0,0.33,0.05,0.0,0.0,0.0,0.0,1
0.0,2.84117278767e-07,8.68980274924e-05,0.0,0.0,0.0,0.0,0.0,0.0,0.0,0.0,0.0,0.0,0.00195694716243,0.00195694716243,0.0,0.0,0.0,0.0,1.0,0.0,0.0,0.0117647058824,1.0,1.0,0.0,0.33,0.07,0.0,0.0,0.0,0.0,1
0.0,4.06705952346e-07,0.00366213115861,0.0,0.0,0.0,0.0,0.0,0.0,0.0,0.0,0.0,0.0,0.0176125244618,0.0254403131115,0.0,0.0,0.0,0.0,1.0,0.0,0.23,0.078431372549,1.0,1.0,0.0,0.05,0.07,0.0,0.0,0.0,0.0,1
0.0,2.98539475659e-07,0.000248086109738,0.0,0.0,0.0,0.0,0.0,0.0,0.0,0.0,0.0,0.0,0.00587084148728,0.00587084148728,0.0,0.0,0.0,0.0,1.0,0.0,0.0,0.156862745098,1.0,1.0,0.0,0.03,0.07,0.0,0.0,0.0,0.0,1
0.0,2.07679635241e-07,0.00144138223727,0.0,0.0,0.0,0.0,0.0,0.0,0.0,0.0,0.0,0.0,0.00195694716243,0.00195694716243,0.0,0.0,0.0,0.0,1.0,0.0,0.0,0.235294117647,1.0,1.0,0.0,0.02,0.06,0.0,0.0,0.0,0.0,1
0.0,4.26897027995e-07,0.000162739832737,0.0,0.0,0.0,0.0,0.0,0.0,0.0,0.0,0.0,0.0,0.0743639921722,0.0743639921722,0.0,0.0,0.0,0.0,1.0,0.0,0.0,0.149019607843,1.0,1.0,0.0,0.03,0.05,0.0,0.0,0.0,0.0,1
0.0,4.39877005197e-07,0.000170498585191,0.0,0.0,0.0,0.0,0.0,0.0,0.0,0.0,0.0,0.0,0.00195694716243,0.00195694716243,0.0,0.0,0.0,0.0,1.0,0.0,0.0,0.227450980392,1.0,1.0,0.0,0.02,0.03,0.0,0.0,0.0,0.0,1
0.0,4.38434785508e-07,0.000359618176274,0.0,0.0,0.0,0.0,0.0,0.0,0.0,0.0,0.0,0.0,0.0215264187867,0.0234833659491,0.0,0.0,0.0,0.0,1.0,0.0,0.17,0.266666666667,1.0,1.0,0.0,0.01,0.03,0.0,0.0,0.0,0.0,1
0.0,4.64394739913e-07,0.000824755385932,0.0,0.0,0.0,0.0,0.0,0.0,0.0,0.0,0.0,0.0,0.0254403131115,0.0254403131115,0.0,0.0,0.0,0.0,1.0,0.0,0.0,0.345098039216,1.0,1.0,0.0,0.01,0.03,0.0,0.0,0.0,0.0,1
0.0,3.3026830882e-07,0.000101639657156,0.0,0.0,0.0,0.0,0.0,0.0,0.0,0.0,0.0,0.0,0.0156555772994,0.0156555772994,0.0,0.0,0.0,0.0,1.0,0.0,0.0,0.0313725490196,1.0,1.0,0.0,0.12,0.04,0.0,0.0,0.0,0.0,1
0.0,3.3026830882e-07,0.000241879107775,0.0,0.0,0.0,0.0,0.0,0.0,0.0,0.0,0.0,0.0,0.0352250489237,0.0352250489237,0.0,0.0,0.0,0.0,1.0,0.0,0.0,0.0705882352941,1.0,1.0,0.0,0.06,0.04,0.0,0.0,0.0,0.0,1
0.0,3.36037187577e-07,0.000217245068731,0.0,0.0,0.0,0.0,0.0,0.0,0.0,0.0,0.0,0.0,0.00587084148728,0.00587084148728,0.0,0.0,0.0,0.0,1.0,0.0,0.0,0.266666666667,1.0,1.0,0.0,0.01,0.04,0.0,0.0,0.0,0.0,1
0.0,3.28826089131e-07,0.000112307941781,0.0,0.0,0.0,0.0,0.0,0.0,0.0,0.0,0.0,0.0,0.0293542074364,0.0293542074364,0.0,0.0,0.0,0.0,1.0,0.0,0.0,0.541176470588,1.0,1.0,0.0,0.01,0.02,0.0,0.0,0.0,0.0,1
0.0,3.31710528509e-07,0.000201921532633,0.0,0.0,0.0,0.0,0.0,0.0,0.0,0.0,0.0,0.0,0.0313111545988,0.0313111545988,0.0,0.0,0.0,0.0,1.0,0.0,0.0,0.658823529412,1.0,1.0,0.0,0.01,0.02,0.0,0.0,0.0,0.0,1
0.0,3.18730551307e-07,0.000440697139426,0.0,0.0,0.0,0.0,0.0,0.0,0.0,0.0,0.0,0.0,0.00587084148728,0.00587084148728,0.0,0.0,0.0,0.0,1.0,0.0,0.0,0.0117647058824,1.0,1.0,0.0,0.33,0.02,0.0,0.0,0.0,0.0,1
0.0,3.20172770996e-07,0.000442054921105,0.0,0.0,0.0,0.0,0.0,0.0,0.0,0.0,0.0,0.0,0.0313111545988,0.0313111545988,0.0,0.0,0.0,0.0,1.0,0.0,0.0,0.16862745098,1.0,1.0,0.0,0.02,0.02,0.0,0.0,0.0,0.0,1
0.0,3.18730551307e-07,0.000272332211159,0.0,0.0,0.0,0.0,0.0,0.0,0.0,0.0,0.0,0.0,0.0371819960861,0.0371819960861,0.0,0.0,0.0,0.0,1.0,0.0,0.0,0.286274509804,1.0,1.0,0.0,0.01,0.01,0.0,0.0,0.0,0.0,1
0.0,2.17775173065e-07,0.00219902441447,0.0,0.0,0.0,0.0,0.0,0.0,0.0,0.0,0.0,0.0,0.00391389432485,0.00391389432485,0.0,0.0,0.0,0.0,1.0,0.0,0.0,0.325490196078,1.0,1.0,0.0,0.01,0.01,0.0,0.0,0.0,0.0,1
0.0,3.14403892239e-07,0.000300263719996,0.0,0.0,0.0,0.0,0.0,0.0,0.0,0.0,0.0,0.0,0.0234833659491,0.0234833659491,0.0,0.0,0.0,0.0,1.0,0.0,0.0,0.364705882353,1.0,1.0,0.0,0.01,0.01,0.0,0.0,0.0,0.0,1
0.0,4.47088103643e-07,0.00127379318425,0.0,0.0,0.0,0.0,0.0,0.0,0.0,0.0,0.0,0.0,0.00978473581213,0.00978473581213,0.0,0.0,0.0,0.0,1.0,0.0,0.0,0.0196078431373,1.0,1.0,0.0,0.2,0.02,0.0,0.0,0.0,0.0,1
0.0,4.8747025494e-07,0.000276599525009,0.0,0.0,0.0,0.0,0.0,0.0,0.0,0.0,0.0,0.0,0.00587084148728,0.00587084148728,0.0,0.0,0.0,0.0,1.0,0.0,0.0,0.0980392156863,1.0,1.0,0.0,0.04,0.02,0.0,0.0,0.0,0.0,1
0.0,2.36524029024e-07,0.000381536651959,0.0,0.0,0.0,0.0,0.0,0.0,0.0,0.0,0.0,0.0,0.00391389432485,0.00391389432485,0.0,0.0,0.0,0.0,1.0,0.0,0.0,0.0470588235294,1.0,1.0,0.0,0.08,0.03,0.0,0.0,0.0,0.0,1
0.0,3.36037187577e-07,0.00133004413954,0.0,0.0,0.0,0.0,0.0,0.0,0.0,0.0,0.0,0.0,0.0489236790607,0.0489236790607,0.0,0.0,0.0,0.0,1.0,0.0,0.0,0.0980392156863,1.0,1.0,0.0,0.04,0.05,0.0,0.0,0.0,0.0,1
0.0,3.24499430064e-07,0.000618954477072,0.0,0.0,0.0,0.0,0.0,0.0,0.0,0.0,0.0,0.0,0.013698630137,0.0176125244618,0.0,0.0,0.0,0.0,1.0,0.0,0.33,0.0274509803922,1.0,1.0,0.0,0.14,0.05,0.0,0.0,0.0,0.0,1
0.0,3.46132725401e-07,0.000101057750722,0.0,0.0,0.0,0.0,0.0,0.0,0.0,0.0,0.0,0.0,0.00782778864971,0.00782778864971,0.0,0.0,0.0,0.0,1.0,0.0,0.0,0.0156862745098,1.0,1.0,0.0,0.25,0.06,0.0,0.0,0.0,0.0,1
0.0,3.25941649753e-07,0.000168170959455,0.0,0.0,0.0,0.0,0.0,0.0,0.0,0.0,0.0,0.0,0.0156555772994,0.0156555772994,0.0,0.0,0.0,0.0,1.0,0.0,0.0,0.290196078431,1.0,1.0,0.0,0.01,0.05,0.0,0.0,0.0,0.0,1
0.0,4.21128149238e-07,0.00416935960033,0.0,0.0,0.0,0.0,0.0,0.0,0.0,0.0,0.0,0.0,0.013698630137,0.013698630137,0.0,0.0,0.0,0.0,1.0,0.0,0.0,0.0745098039216,1.0,1.0,0.0,0.05,0.05,0.0,0.0,0.0,0.0,1
0.0,4.29781467373e-07,0.00120667997551,0.0,0.0,0.0,0.0,0.0,0.0,0.0,0.0,0.0,0.0,0.0606653620352,0.0645792563601,0.0,0.0,0.0,0.0,1.0,0.0,0.09,0.388235294118,1.0,1.0,0.0,0.01,0.04,0.0,0.0,0.0,0.0,1
0.0,4.26897027995e-07,0.000770444118749,0.0,0.0,0.0,0.0,0.0,0.0,0.0,0.0,0.0,0.0,0.013698630137,0.0156555772994,0.0,0.0,0.0,0.0,1.0,0.0,0.25,0.505882352941,1.0,1.0,0.0,0.01,0.02,0.0,0.0,0.0,0.0,1
0.0,4.34108126441e-07,0.000225003821186,0.0,0.0,0.0,0.0,0.0,0.0,0.0,0.0,0.0,0.0,0.0195694716243,0.0195694716243,0.0,0.0,0.0,0.0,1.0,0.0,0.0,0.0941176470588,1.0,1.0,0.0,0.04,0.02,0.0,0.0,0.0,0.0,1
0.0,4.13917050792e-07,7.5065929999e-05,0.0,0.0,0.0,0.0,0.0,0.0,0.0,0.0,0.0,0.0,0.00195694716243,0.00391389432485,0.0,0.0,0.0,0.0,1.0,0.0,1.0,0.0078431372549,1.0,1.0,0.0,0.5,0.03,0.0,0.0,0.0,0.0,1
0.0,3.01423915037e-07,0.000111920004159,0.0,0.0,0.0,0.0,0.0,0.0,0.0,0.0,0.0,0.0,0.0195694716243,0.0195694716243,0.0,0.0,0.0,0.0,1.0,0.0,0.0,0.0392156862745,1.0,1.0,0.0,0.1,0.03,0.0,0.0,0.0,0.0,1
0.0,3.17288331618e-07,0.000799733409266,0.0,0.0,0.0,0.0,0.0,0.0,0.0,0.0,0.0,0.0,0.00195694716243,0.00391389432485,0.0,0.0,0.0,0.0,1.0,0.0,1.0,0.0235294117647,1.0,1.0,0.0,0.17,0.03,0.0,0.0,0.0,0.0,1
0.0,4.22570368927e-07,0.000799733409266,0.0,0.0,0.0,0.0,0.0,0.0,0.0,0.0,0.0,0.0,0.00587084148728,0.00782778864971,0.0,0.0,0.0,0.0,1.0,0.0,0.5,0.0627450980392,1.0,1.0,0.0,0.06,0.03,0.0,0.0,0.0,0.0,1
0.0,4.60068080846e-07,0.00284862596373,0.0,0.0,0.0,0.0,0.0,0.0,0.0,0.0,0.0,0.0,0.00195694716243,0.00195694716243,0.0,0.0,0.0,0.0,1.0,0.0,0.0,0.41568627451,1.0,1.0,0.0,0.01,0.03,0.0,0.0,0.0,0.0,1
0.0,3.77861558563e-07,0.00212182482754,0.0,0.0,0.0,0.0,0.0,0.0,0.0,0.0,0.0,0.0,0.00195694716243,0.00391389432485,0.0,0.0,0.0,0.0,1.0,0.0,1.0,0.0392156862745,1.0,1.0,0.0,0.1,0.03,0.0,0.0,0.0,0.0,1
0.0,4.21128149238e-07,0.00015750267483,0.0,0.0,0.0,0.0,0.0,0.0,0.0,0.0,0.0,0.0,0.0293542074364,0.0293542074364,0.0,0.0,0.0,0.0,1.0,0.0,0.0,0.0588235294118,1.0,1.0,0.0,0.07,0.03,0.0,0.0,0.0,0.0,1
0.0,2.36524029024e-07,0.00100456447407,0.0,0.0,0.0,0.0,0.0,0.0,0.0,0.0,0.0,0.0,0.00195694716243,0.00195694716243,0.0,0.0,0.0,0.0,1.0,0.0,0.0,0.00392156862745,1.0,1.0,0.0,1.0,0.05,0.0,0.0,0.0,0.0,1
0.0,3.54786043536e-07,0.000846479892805,0.0,0.0,0.0,0.0,0.0,0.0,0.0,0.0,0.0,0.0,0.00195694716243,0.00195694716243,0.0,0.0,0.0,0.0,1.0,0.0,0.0,0.129411764706,1.0,1.0,0.0,0.03,0.05,0.0,0.0,0.0,0.0,1
0.0,3.36037187577e-07,0.00013771785607,0.0,0.0,0.0,0.0,0.0,0.0,0.0,0.0,0.0,0.0,0.0156555772994,0.0606653620352,0.0,0.0,0.0,0.0,1.0,0.0,0.1,0.0549019607843,1.0,1.0,0.0,0.07,0.07,0.0,0.0,0.0,0.0,1
0.0,3.76419338874e-07,0.000807880099343,0.0,0.0,0.0,0.0,0.0,0.0,0.0,0.0,0.0,0.0,0.0156555772994,0.0215264187867,0.0,0.0,0.0,0.0,1.0,0.0,0.18,0.0941176470588,1.0,1.0,0.0,0.04,0.07,0.0,0.0,0.0,0.0,1
0.0,4.74490277737e-07,0.000471538180433,0.0,0.0,0.0,0.0,0.0,0.0,0.0,0.0,0.0,0.0,0.0117416829746,0.0117416829746,0.0,0.0,0.0,0.0,1.0,0.0,0.0,0.447058823529,1.0,1.0,0.0,0.01,0.05,0.0,0.0,0.0,0.0,1
0.0,3.63439361671e-07,0.000722921759964,0.0,0.0,0.0,0.0,0.0,0.0,0.0,0.0,0.0,0.0,0.00978473581213,0.00978473581213,0.0,0.0,0.0,0.0,1.0,0.0,0.0,0.0745098039216,1.0,1.0,0.0,0.05,0.04,0.0,0.0,0.0,0.0,1
0.0,2.10564074619e-07,0.000977020902855,0.0,0.0,0.0,0.0,0.0,0.0,0.0,0.0,0.0,0.0,0.00195694716243,0.00195694716243,0.0,0.0,0.0,0.0,1.0,0.0,0.0,0.113725490196,1.0,1.0,0.0,0.03,0.04,0.0,0.0,0.0,0.0,1
0.0,3.11519452861e-07,0.0005136294125,0.0,0.0,0.0,0.0,0.0,0.0,0.0,0.0,0.0,0.0,0.00782778864971,0.00782778864971,0.0,0.0,0.0,0.0,1.0,0.0,0.0,0.152941176471,1.0,1.0,0.0,0.03,0.04,0.0,0.0,0.0,0.0,1
0.0,3.07192793794e-07,0.00722262266006,0.0,0.0,0.0,0.0,0.0,0.0,0.0,0.0,0.0,0.0,0.013698630137,0.013698630137,0.0,0.0,0.0,0.0,1.0,0.0,0.0,0.192156862745,1.0,1.0,0.0,0.02,0.04,0.0,0.0,0.0,0.0,1
0.0,3.20172770996e-07,0.00227719384545,0.0,0.0,0.0,0.0,0.0,0.0,0.0,0.0,0.0,0.0,0.0117416829746,0.0156555772994,0.0,0.0,0.0,0.0,1.0,0.0,0.38,0.0901960784314,1.0,1.0,0.0,0.04,0.04,0.0,0.0,0.0,0.0,1
0.0,3.33152748199e-07,0.000831738263141,0.0,0.0,0.0,0.0,0.0,0.0,0.0,0.0,0.0,0.0,0.0176125244618,0.0606653620352,0.0,0.0,0.0,0.0,1.0,0.0,0.16,0.0352941176471,1.0,1.0,0.0,0.11,0.03,0.0,0.0,0.0,0.0,1
0.0,3.21614990685e-07,0.00126855602634,0.0,0.0,0.0,0.0,0.0,0.0,0.0,0.0,0.0,0.0,0.00782778864971,0.0176125244618,0.0,0.0,0.0,0.0,1.0,0.0,0.44,0.152941176471,1.0,1.0,0.0,0.03,0.03,0.0,0.0,0.0,0.0,1
0.0,3.95168194833e-07,0.000206770752917,0.0,0.0,0.0,0.0,0.0,0.0,0.0,0.0,0.0,0.0,0.00587084148728,0.00587084148728,0.0,0.0,0.0,0.0,1.0,0.0,0.0,0.043137254902,1.0,1.0,0.0,0.09,0.06,0.0,0.0,0.0,0.0,1
0.0,4.65836959602e-07,0.00109805744115,0.0,0.0,0.0,0.0,0.0,0.0,0.0,0.0,0.0,0.0,0.00587084148728,0.00587084148728,0.0,0.0,0.0,0.0,1.0,0.0,0.0,0.223529411765,1.0,1.0,0.0,0.02,0.05,0.0,0.0,0.0,0.0,1
0.0,4.22570368927e-07,0.001102324755,0.0,0.0,0.0,0.0,0.0,0.0,0.0,0.0,0.0,0.0,0.0176125244618,0.0176125244618,0.0,0.0,0.0,0.0,1.0,0.0,0.0,0.301960784314,1.0,1.0,0.0,0.01,0.05,0.0,0.0,0.0,0.0,1
0.0,3.89399316076e-07,0.000385028090563,0.0,0.0,0.0,0.0,0.0,0.0,0.0,0.0,0.0,0.0,0.00782778864971,0.00782778864971,0.0,0.0,0.0,0.0,1.0,0.0,0.0,0.0666666666667,1.0,1.0,0.0,0.06,0.05,0.0,0.0,0.0,0.0,1
0.0,5.84098974115e-07,0.000351277517385,0.0,0.0,0.0,0.0,0.0,0.0,0.0,0.0,0.0,0.0,0.00391389432485,0.00391389432485,0.0,0.0,0.0,0.0,1.0,0.0,0.0,0.223529411765,1.0,1.0,0.0,0.02,0.05,0.0,0.0,0.0,0.0,1
0.0,4.06705952346e-07,0.000212783786069,0.0,0.0,0.0,0.0,0.0,0.0,0.0,0.0,0.0,0.0,0.00587084148728,0.00587084148728,0.0,0.0,0.0,0.0,1.0,0.0,0.0,0.0117647058824,1.0,1.0,0.0,0.33,0.05,0.0,0.0,0.0,0.0,1